"ID";"C1";"C2";"C3";"F1";"F2";"prob";"runif";"dep_pr";"miss_perc"
NA;60.5264040526261;NA;NA;NA;NA;0.95;0.837140307528898;0.5;0.555555555555556
2;45.1017762615013;79.7360002384714;25.9125143106902;3;8;0;0.83709003822878;0.5;0
3;NA;96.4080775906031;26.0164795692938;5;9;0;0.345163136953488;0.5;0.1
4;54.387211932385;76.8801197488091;24.5625237807011;7;1;0;0.509602273115888;0.5;0
5;NA;112.46152725429;33.3120940117466;3;3;0;0.491061978740618;0.5;0.1
6;NA;87.4269536441089;29.138905313426;7;7;0;0.156470984686166;0.5;0.1
7;NA;104.024587632958;27.3048361941668;4;5;0;0.0272995622362942;0.5;0.1
8;NA;99.7743903819395;30.8583865109132;7;9;0;0.000264064874500036;0.5;0.1
9;NA;71.7633531259382;26.813997021262;5;9;0;0.405333429109305;0.5;0.1
10;41.7037252441207;87.6134897792739;30.8349670173781;3;8;0;0.504083513980731;0.5;0
11;45.3860274045947;66.1595475387956;33.8414947716201;7;1;0;0.769745472352952;0.5;0
12;NA;82.4516452382273;28.6517892995822;7;2;0;0.00533473375253379;0.5;0.1
13;54.8400944335941;79.1823433785216;29.3631280305148;6;9;0;0.788185572251678;0.5;0
14;53.4515203860331;91.7382633097872;33.9959940086272;5;1;0;0.558887961087748;0.5;0
15;NA;99.3734307619389;33.8945963307478;5;2;0;0.21643610810861;0.5;0.1
NA;NA;NA;NA;NA;NA;0.95;0.140136412577704;0.5;0.6
17;NA;78.5202761786451;31.9212255803707;1;10;0;0.0879928795620799;0.5;0.1
18;47.9442443118368;85.454076786369;28.0428642392452;2;7;0;0.811046075075865;0.5;0
NA;NA;NA;NA;NA;NA;0.95;0.343702812213451;0.5;0.6
20;44.8724629816901;75.8662080318117;32.391499873402;5;6;0;0.780823591863737;0.5;0
21;NA;71.3538094650837;30.8788638300047;4;8;0;0.0294517439324409;0.5;0.1
22;42.4860883447059;72.7734865693803;36.2517200620908;7;4;0;0.813895972911268;0.5;0
23;41.9183325663238;80.9985516024338;30.9837883327042;6;10;0;0.741085355402902;0.5;0
NA;68.7602239813711;NA;NA;NA;NA;0.95;0.856025310233235;0.5;0.5
25;NA;84.8726269888341;34.4449329116763;6;5;0;0.306402155430987;0.5;0.1
26;44.7268400361107;98.6769165622827;30.1535571352711;3;5;0;0.750162186101079;0.5;0
27;43.485762651911;109.048192076112;30.0828386947492;3;8;0;0.767091176239774;0.5;0
NA;NA;NA;NA;NA;NA;0.95;0.166760330786929;0.5;0.6
29;53.5798698229904;80.7013620677683;26.3363658013414;3;3;0;0.908310187282041;0.5;0
30;53.3877512493827;74.4291409510145;29.9370746768281;4;5;0;0.640420352574438;0.5;0
31;NA;79.9740558688735;29.8099019365257;1;9;0;0.0217890571802855;0.5;0.1
32;NA;93.8704046562893;31.8167799309698;4;9;0;0.430248433025554;0.5;0.1
NA;57.6012045373202;NA;NA;NA;NA;0.95;0.840948784025386;0.5;0.5
34;51.603938647362;81.3021249123858;27.2623357970975;4;1;0;0.753509625792503;0.5;0
35;43.1740920371349;94.5326337107671;28.4554510371521;3;10;0;0.788942015031353;0.5;0
NA;57.2568391628333;NA;NA;NA;NA;0.95;0.828843439696357;0.5;0.5
37;NA;98.3640658708244;31.3088378783751;7;9;0;0.260539527516812;0.5;0.1
NA;NA;NA;NA;NA;NA;0.95;0.474623407702893;0.5;0.6
39;37.5196288974682;95.1387096358822;27.3241646958548;6;7;0;0.903714529471472;0.5;0
40;NA;86.3007970520108;35.4220372351563;1;9;0;0.203667314024642;0.5;0.1
NA;NA;NA;NA;NA;NA;0.95;0.197571211494505;0.5;0.6
42;53.0433898433609;83.3424113265227;29.6152081799236;5;5;0;0.565001623472199;0.5;0
43;NA;111.704942847843;29.9230659029413;5;8;0;0.0304202334955335;0.5;0.1
44;32.1134970628943;77.310390692942;30.0525363225798;6;5;0;0.957153430441394;0.5;0
NA;NA;NA;NA;NA;NA;0.95;0.0988889546133578;0.5;0.6
NA;60.3441621656129;NA;NA;NA;NA;0.95;0.871240044478327;0.5;0.5
NA;NA;NA;NA;NA;NA;0.95;0.34296278632246;0.5;0.6
NA;NA;NA;NA;NA;NA;0.95;0.231771324994043;0.5;0.6
NA;NA;NA;NA;NA;NA;0.95;0.429948800010607;0.5;0.6
50;NA;84.916108240449;29.4745528406045;2;2;0;0.145875268615782;0.5;0.1
51;48.7357314211284;61.2590674921439;35.5272066919016;4;3;0;0.843159849755466;0.5;0
52;NA;93.3692333327147;27.1924593824821;4;5;0;0.159107328392565;0.5;0.1
NA;57.9703125232164;NA;NA;NA;NA;0.95;0.736201686086133;0.5;0.5
NA;60.7801365118956;NA;NA;NA;NA;0.95;0.56338656344451;0.5;0.5
NA;NA;NA;NA;NA;NA;0.95;0.185387330828235;0.5;0.6
56;NA;82.952729169831;29.5644914441779;7;7;0;0.0813543393742293;0.5;0.1
57;51.131857036453;91.5487322426327;26.805337049263;3;8;0;0.567378081846982;0.5;0
NA;57.0094251624564;NA;NA;NA;NA;0.95;0.563943437300622;0.5;0.5
59;42.8431258749173;107.850882239247;28.1801821208033;6;10;0;0.747205848805606;0.5;0
60;49.6238029323928;68.6763369061394;29.8468564948087;3;7;0;0.913944856962189;0.5;0
NA;NA;NA;NA;NA;NA;0.95;0.398363902233541;0.5;0.6
62;NA;93.5023179770842;26.7152302498498;5;9;0;0.250745182158425;0.5;0.1
63;51.9101775768592;90.8462208781041;32.9968194466824;2;9;0;0.805081314174458;0.5;0
64;NA;101.127207514071;27.7999317334562;3;3;0;0.0283197059761733;0.5;0.1
65;48.868670533206;93.7403170077528;30.8981761178104;4;2;0;0.518597540678456;0.5;0
66;NA;100.06122409055;28.2730804024111;3;4;0;0.491927727824077;0.5;0.1
67;NA;82.1759652643374;31.1068004991623;6;9;0;0.306113732047379;0.5;0.1
68;37.8528360235001;95.8436182178707;30.0007625106204;1;7;0;0.54801363684237;0.5;0
69;33.7439606538924;92.0982422588357;30.1393499759724;2;9;0;0.624981180531904;0.5;0
70;NA;98.6833556464348;26.7889756444048;5;4;0;0.0169903901405632;0.5;0.1
71;52.0095778687289;112.105744867056;28.2320023612163;3;2;0;0.896766128018498;0.5;0
NA;69.2098731254116;NA;NA;NA;NA;0.95;0.641824504826218;0.5;0.5
NA;58.9086075282923;NA;NA;NA;NA;0.95;0.545117109781131;0.5;0.5
74;43.0977587114609;90.2803614253813;26.416055650888;5;2;0;0.789176187012345;0.5;0
NA;69.6089124118947;NA;NA;NA;NA;0.95;0.696472681825981;0.5;0.5
76;NA;87.5455757532874;29.938356724072;7;5;0;0.214640409452841;0.5;0.1
77;45.1369943073524;94.3343206920227;34.4425855563069;5;2;0;0.540257815038785;0.5;0
78;43.682275678857;96.686243792693;32.5946564655035;1;3;0;0.605812664143741;0.5;0
NA;NA;NA;NA;NA;NA;0.95;0.359217154793441;0.5;0.6
NA;55.6748624067956;NA;NA;NA;NA;0.95;0.76150325126946;0.5;0.5
81;NA;98.8227132760539;33.8887827664473;1;1;0;0.260560684138909;0.5;0.1
82;45.6384537777988;97.1878895558585;28.634154385804;6;2;0;0.909052123781294;0.5;0
83;NA;92.4332345731962;27.0957568801733;1;1;0;0.489538059337065;0.5;0.1
84;NA;92.23209062944;35.2547515370053;5;10;0;0.0975912935100496;0.5;0.1
85;42.5948569596774;77.9688325703454;32.9157269842543;3;10;0;0.998380664736032;0.5;0
86;NA;93.6028193375185;33.2725553100347;5;1;0;0.292144082253799;0.5;0.1
87;52.7278932608813;96.1586042234632;34.8124379403572;7;5;0;0.521421765908599;0.5;0
88;31.4227655753614;91.5037391344689;30.5004691621952;5;2;0;0.925334835890681;0.5;0
89;NA;102.29173417865;28.4356742752461;3;2;0;0.299044893123209;0.5;0.1
90;NA;92.4137632102651;31.1445518197711;7;9;0;0.180712688714266;0.5;0.1
91;NA;81.5719896255042;27.7543431257979;5;10;0;0.419672758784145;0.5;0.1
NA;57.908718726862;NA;NA;NA;NA;0.95;0.926083102356642;0.5;0.5
93;45.5754901281452;75.9058950798391;30.0451976504739;7;4;0;0.804555363487452;0.5;0
94;42.1259461164728;88.4180330861638;32.0702540161424;1;7;0;0.854933713795617;0.5;0
95;NA;78.84541494855;32.5590563798642;2;2;0;0.113318471005186;0.5;0.1
NA;NA;NA;NA;NA;NA;0.95;0.294382999651134;0.5;0.6
97;45.4670116818536;89.8097200284508;34.6954988972627;1;8;0;0.634196946630254;0.5;0
98;NA;86.2456107376955;34.6806312133702;5;4;0;0.172447771765292;0.5;0.1
99;38.2125815984542;96.4740570282371;26.9212571537714;1;8;0;0.641482898732647;0.5;0
NA;NA;NA;NA;NA;NA;0.95;0.0359846448991448;0.5;0.6
101;32.5031110535861;68.5219566879106;29.9309655046808;4;1;0;0.653385599609464;0.5;0
102;NA;96.85936660395;30.8139244288897;4;4;0;0.0844870652072132;0.5;0.1
103;37.0168266706814;105.490629630847;27.5116303591847;5;1;0;0.542145982850343;0.5;0
NA;NA;NA;NA;NA;NA;0.95;0.12772815534845;0.5;0.6
105;50.1638572171267;76.1586055900576;31.386821383169;7;8;0;0.988133335486054;0.5;0
106;48.4888643509342;86.4562705416251;26.0774155112249;4;3;0;0.616922437911853;0.5;0
NA;62.7053816464158;NA;NA;NA;NA;0.95;0.885130428476259;0.5;0.5
108;45.2884800406217;95.9537036528488;32.4225408018183;1;7;0;0.663783538388088;0.5;0
NA;58.0783828005207;NA;NA;NA;NA;0.95;0.933634360786527;0.5;0.5
NA;NA;NA;NA;NA;NA;0.95;0.0782793972175568;0.5;0.6
111;46.1630762621095;89.2943005045484;28.2515115689924;2;1;0;0.706137736560777;0.5;0
NA;57.8714045660304;NA;NA;NA;NA;0.95;0.598130881320685;0.5;0.5
113;NA;86.8153423551143;28.3298513278431;2;10;0;0.034815228311345;0.5;0.1
NA;56.3131443553366;NA;NA;NA;NA;0.95;0.557002377929166;0.5;0.5
115;43.9811698132791;81.6488297602982;28.7297439777861;4;8;0;0.673088018549606;0.5;0
116;54.1770489122867;79.9404287467205;30.7210565049101;7;7;0;0.800498933298513;0.5;0
NA;NA;NA;NA;NA;NA;0.95;0.319394963327795;0.5;0.6
118;47.0595157664072;89.8726855430036;30.6583387061079;1;1;0;0.647789455484599;0.5;0
119;52.5513012145993;82.2483163787767;26.338344527545;3;6;0;0.988664302276447;0.5;0
NA;69.330786431954;NA;NA;NA;NA;0.95;0.600916713709012;0.5;0.5
121;51.3728414647138;88.0455588896061;30.3383190990701;4;7;0;0.909324546344578;0.5;0
122;41.6383655865715;91.6463744455991;33.3475211373129;3;9;0;0.935735177481547;0.5;0
123;45.4022927157531;88.0056224054348;32.4711245147764;6;4;0;0.74023377103731;0.5;0
124;42.5742958389546;80.3146244739468;33.6540715308367;5;6;0;0.57408693083562;0.5;0
NA;55.9227504971068;NA;NA;NA;NA;0.95;0.626172102522105;0.5;0.5
126;NA;87.5136864124545;31.3112698133139;7;2;0;0.386352026602253;0.5;0.1
NA;61.1102421466991;NA;NA;NA;NA;0.95;0.94041165872477;0.5;0.5
128;52.36738967661;96.3128197096301;35.4992925155293;5;5;0;0.607329341582954;0.5;0
129;NA;94.4100985404229;32.2962809876984;2;1;0;0.284778700675815;0.5;0.1
130;NA;74.4291826293712;31.738572249251;7;2;0;0.315192036097869;0.5;0.1
131;NA;99.2204180095186;32.7631520079797;4;10;0;0.366338840918615;0.5;0.1
132;53.3603786308997;85.4352988552629;27.0942318648159;1;4;0;0.626195599092171;0.5;0
133;43.1767711333287;97.7190891443274;34.3376294805611;7;9;0;0.610035081626847;0.5;0
134;45.9649062487073;84.284682856161;30.614554081276;4;4;0;0.790240938542411;0.5;0
NA;NA;NA;NA;NA;NA;0.95;0.259373983135447;0.5;0.6
136;NA;80.645316403117;31.9456919162629;3;3;0;0.410665321862325;0.5;0.1
137;54.8739490619761;88.8918829676971;31.9891662809447;1;4;0;0.642448567319661;0.5;0
138;NA;88.2899628959181;30.8458903420799;6;2;0;0.184539960697293;0.5;0.1
139;NA;89.1480735932044;28.3422175661456;5;4;0;0.271267070202157;0.5;0.1
NA;56.7144130656394;NA;NA;NA;NA;0.95;0.513006188208237;0.5;0.5
141;NA;91.5516968627309;30.6358055716701;5;9;0;0.489319066982716;0.5;0.1
NA;NA;NA;NA;NA;NA;0.95;0.374920750269666;0.5;0.6
NA;65.5987667516969;NA;NA;NA;NA;0.95;0.92817043652758;0.5;0.5
144;48.6864884544709;91.1687480107084;28.43671174223;1;6;0;0.681013886351138;0.5;0
145;NA;91.3973054986736;31.3235894535505;3;8;0;0.193081298843026;0.5;0.1
146;NA;89.0622366428792;28.8477651505096;4;3;0;0.495420375838876;0.5;0.1
147;NA;74.9047312753165;29.8113680479971;4;3;0;0.29092710535042;0.5;0.1
148;29.8544204842218;80.7629601482095;27.7915744932277;3;3;0;0.713416004553437;0.5;0
149;NA;100.502928394904;29.2789747908994;3;8;0;0.000118532450869679;0.5;0.1
NA;NA;NA;NA;NA;NA;0.95;0.441250870469958;0.5;0.6
151;44.534139973121;78.8770913050634;29.7557192212404;6;4;0;0.810488835209981;0.5;0
152;48.2158462255466;95.090057458927;27.9791730179553;7;1;0;0.50544276018627;0.5;0
153;NA;81.2382575733479;26.4056723714405;4;8;0;0.307477348251268;0.5;0.1
NA;NA;NA;NA;NA;NA;0.95;0.441315023461357;0.5;0.6
NA;64.6756548700131;NA;NA;NA;NA;0.95;0.658741767052561;0.5;0.5
156;NA;88.608162118235;29.9809609460917;2;6;0;0.31514988373965;0.5;0.1
157;45.0593899871403;89.170645240376;29.5932368433735;7;3;0;0.524098557420075;0.5;0
158;54.5133863514901;98.8440120412779;30.4845584922391;7;3;0;0.549531996715814;0.5;0
NA;64.4004670023955;NA;NA;NA;NA;0.95;0.505736686987802;0.5;0.5
160;NA;69.2157978619136;31.9984116417574;2;5;0;0.0612992588430643;0.5;0.1
NA;NA;NA;NA;NA;NA;0.95;0.174984776647761;0.5;0.6
162;45.8078511954986;84.1766793019126;29.546228570045;7;7;0;0.72469963459298;0.5;0
163;45.6196088732445;82.1663905219076;35.4759415051126;7;5;0;0.786206789547578;0.5;0
164;54.6396884019723;95.8364006313785;32.736649000644;6;10;0;0.87463021511212;0.5;0
165;51.7351314383935;108.942644188554;29.6260960198996;2;7;0;0.549697171198204;0.5;0
NA;NA;NA;NA;NA;NA;0.95;0.359368706820533;0.5;0.6
167;NA;90.2647216214966;27.2350885442244;3;10;0;0.161831626202911;0.5;0.1
NA;NA;NA;NA;NA;NA;0.95;0.400620779953897;0.5;0.6
NA;NA;NA;NA;NA;NA;0.95;0.303454834036529;0.5;0.6
NA;62.5822824071577;NA;NA;NA;NA;0.95;0.718053510878235;0.5;0.5
NA;58.6286306213381;NA;NA;NA;NA;0.95;0.512796448543668;0.5;0.5
172;NA;97.3541823437972;28.316289180126;4;7;0;0.320019465871155;0.5;0.1
173;NA;81.7953725233058;35.4210673789511;4;4;0;0.423787277890369;0.5;0.1
174;NA;85.8766542093028;29.1758393719659;1;6;0;0.413373856572434;0.5;0.1
175;53.3285542010507;93.9509489236826;33.472499307104;2;5;0;0.834131436888129;0.5;0
176;NA;99.247474402342;31.9631585434072;7;8;0;0.361329476349056;0.5;0.1
NA;67.1235823461162;NA;NA;NA;NA;0.95;0.626159853767604;0.5;0.5
178;44.9400241237545;94.5727459147657;33.6702861268679;4;1;0;0.782881053164601;0.5;0
179;NA;96.1668177312547;32.1432695360588;2;2;0;0.273959418293089;0.5;0.1
180;42.5701173023754;82.5042791371799;30.8975835991811;3;2;0;0.683225569780916;0.5;0
181;NA;119.344966610839;26.9702350235426;7;6;0;0.0161234149709344;0.5;0.1
182;NA;71.4926795669462;28.0317666710573;5;7;0;0.469897841103375;0.5;0.1
183;NA;96.48815867633;26.9075894880807;6;8;0;0.223076921189204;0.5;0.1
184;NA;108.384956621358;30.3566971074894;6;1;0;0.261042762314901;0.5;0.1
NA;NA;NA;NA;NA;NA;0.95;0.483855413040146;0.5;0.6
186;NA;87.3362379907276;25.4462327248685;4;3;0;0.335057554068044;0.5;0.1
NA;67.7203298709561;NA;NA;NA;NA;0.95;0.931255413684994;0.5;0.5
NA;64.6702851166659;NA;NA;NA;NA;0.95;0.591065678047016;0.5;0.5
NA;NA;NA;NA;NA;NA;0.95;0.155375614529476;0.5;0.6
190;NA;85.9486538462292;27.5772924396833;1;10;0;0.346510399132967;0.5;0.1
191;43.9728441176538;89.5329555222707;29.9607752639923;5;8;0;0.835508626885712;0.5;0
192;NA;107.613726779223;31.2048677583681;6;2;0;0.262776592280716;0.5;0.1
NA;NA;NA;NA;NA;NA;0.95;0.367630377877504;0.5;0.6
194;NA;88.9553030645271;33.2489784874539;3;2;0;0.348754350794479;0.5;0.1
195;49.0529926721412;93.1623140674958;19.9499320567239;1;6;0;0.716510394355282;0.5;0
NA;55.6174522619812;NA;NA;NA;NA;0.95;0.538187186932191;0.5;0.5
197;46.8602364875749;76.5199328579851;27.2223341794695;4;8;0;0.985334256896749;0.5;0
198;NA;74.3985369160039;31.0981026819947;5;4;0;0.318790882825851;0.5;0.1
199;35.295335770155;92.0815166035396;26.5050306690328;2;6;0;0.64990355912596;0.5;0
200;50.2158908130581;101.40634115549;29.0791042047097;5;1;0;0.696591872256249;0.5;0
201;NA;93.5418434692232;30.4264024654001;7;7;0;0.041493691271171;0.5;0.1
202;44.7255725478107;88.8914841127735;25.6246409866735;5;10;0;0.907802062341943;0.5;0
NA;58.8713980057035;NA;NA;NA;NA;0.95;0.73562571243383;0.5;0.5
204;45.7777419980519;84.5754113628788;27.951908656658;4;1;0;0.928117162315175;0.5;0
205;NA;59.182921396734;29.8016239528942;2;3;0;0.199315165868029;0.5;0.1
NA;NA;NA;NA;NA;NA;0.95;0.191707673016936;0.5;0.6
207;NA;83.665730248217;28.4479241883859;3;9;0;0.0497142334934324;0.5;0.1
NA;NA;NA;NA;NA;NA;0.95;0.0129351830109954;0.5;0.6
NA;60.9476586038507;NA;NA;NA;NA;0.95;0.743538185954094;0.5;0.5
210;42.8855628473535;86.0490923090184;25.0575336429138;5;9;0;0.614398729288951;0.5;0
NA;NA;NA;NA;NA;NA;0.95;0.253137666732073;0.5;0.6
NA;NA;NA;NA;NA;NA;0.95;0.262433898635209;0.5;0.6
213;NA;89.4255242978294;32.6504196633438;7;10;0;0.229667546460405;0.5;0.1
214;NA;92.314337756997;31.4925760202068;5;10;0;0.127332796342671;0.5;0.1
NA;60.9197679379511;NA;NA;NA;NA;0.95;0.593743996229023;0.5;0.5
NA;62.3356581363957;NA;NA;NA;NA;0.95;0.761235888814554;0.5;0.5
NA;59.8789928208088;NA;NA;NA;NA;0.95;0.632985500385985;0.5;0.5
218;53.6276223690521;87.3658617692355;26.9631945868757;7;8;0;0.737727202475071;0.5;0
219;46.545422648331;86.9725453947567;32.551441499185;1;5;0;0.631607100833207;0.5;0
220;36.6396616472017;94.0104809459579;28.7040215734204;7;5;0;0.532702676486224;0.5;0
221;NA;91.634313406482;30.0555186048822;2;10;0;0.0135941111948341;0.5;0.1
222;54.9331551526287;80.0843765684769;28.0103482994392;3;6;0;0.749049718957394;0.5;0
223;NA;74.2699457179724;30.618833354109;1;1;0;0.231713119661435;0.5;0.1
224;52.0578522451375;83.2955903257966;32.8849768267147;2;7;0;0.983438471332192;0.5;0
225;NA;89.670396521327;30.3936674642683;6;2;0;0.476305459626019;0.5;0.1
226;38.3546564162728;92.5445908133723;34.490959569585;4;9;0;0.913185300771147;0.5;0
227;46.5557100819657;114.737598347323;34.0248143080538;2;7;0;0.53499780735001;0.5;0
228;27.4442747716267;83.7268193758591;27.6780040369969;7;1;0;0.669193079927936;0.5;0
229;NA;89.3301458448952;28.9616207284492;2;4;0;0.00522347097285092;0.5;0.1
NA;NA;NA;NA;NA;NA;0.95;0.266471548937261;0.5;0.6
231;43.439701308051;81.4439157551135;27.6823766724627;7;6;0;0.626789842732251;0.5;0
232;47.9898621430877;79.5215493510186;26.2679857168334;2;4;0;0.977684380020946;0.5;0
233;NA;97.4505526733821;31.0822414958927;5;8;0;0.0511521617881954;0.5;0.1
234;43.8137656278287;66.2337800810091;30.7338056684649;5;2;0;0.82811365253292;0.5;0
NA;56.7634546906613;NA;NA;NA;NA;0.95;0.823121864115819;0.5;0.5
NA;NA;NA;NA;NA;NA;0.95;0.23524158867076;0.5;0.6
237;NA;106.473256700445;32.0193848106056;7;1;0;0.242223546374589;0.5;0.1
238;NA;100.62226000683;29.5509282482036;3;1;0;0.42362276930362;0.5;0.1
239;NA;80.1866195188257;37.0507846662636;5;2;0;0.443602345651016;0.5;0.1
NA;NA;NA;NA;NA;NA;0.95;0.212275586090982;0.5;0.6
241;NA;80.2092611347044;33.0474371378796;6;9;0;0.0325582744553685;0.5;0.1
242;58.3145643129568;124.740393973108;25.7272710251994;2;3;0.95;0.995903286151588;0.5;0
243;54.9068672749537;96.3801735018671;30.9750837442619;7;1;0;0.868897322798148;0.5;0
244;NA;73.9131102602438;27.8222977101446;3;7;0;0.370697618694976;0.5;0.1
NA;65.4659827513463;NA;NA;NA;NA;0.95;0.707828523591161;0.5;0.5
246;NA;78.7919903579735;30.8058448714487;2;10;0;0.267340507591143;0.5;0.1
NA;67.2957296768768;NA;NA;NA;NA;0.95;0.677452126750723;0.5;0.5
NA;72.9135181472189;NA;NA;NA;NA;0.95;0.684260367183015;0.5;0.5
249;39.510091780622;106.218288877403;32.4854769633571;5;3;0;0.637634302256629;0.5;0
250;NA;82.990279273736;34.2789816031683;7;10;0;0.1285606615711;0.5;0.1
251;46.7482167779065;80.2620679361108;30.1406927447131;1;8;0;0.526664467295632;0.5;0
252;42.2447422329033;84.0378750298792;30.9618890381129;7;9;0;0.675251068081707;0.5;0
253;45.6366613561049;92.8002685054995;33.8431834119411;3;5;0;0.681513680843636;0.5;0
254;47.3642949564754;91.9975203275054;32.2523445543352;6;1;0;0.969890173757449;0.5;0
255;54.6032528579083;86.7973329183797;27.4962723094169;5;2;0;0.854093943489715;0.5;0
256;NA;107.083159653512;35.0269571207392;7;7;0;0.351457375800237;0.5;0.1
257;31.4529340762143;74.9702763617299;26.9594040965466;3;9;0;0.761665492551401;0.5;0
258;37.686783900161;87.9101355508417;32.1455479022566;1;4;0;0.537130687385798;0.5;0
259;49.5672614445115;89.2342510074466;28.1162885498574;2;1;0;0.516487972810864;0.5;0
NA;NA;NA;NA;NA;NA;0.95;0.331820831634104;0.5;0.6
261;NA;107.964349145061;29.6611804387111;5;2;0;0.368143437197432;0.5;0.1
NA;57.5981059769309;NA;NA;NA;NA;0.95;0.858767877100036;0.5;0.5
263;50.8783629707673;91.4336550162478;31.268594275302;5;2;0;0.933397478889674;0.5;0
NA;NA;NA;NA;NA;NA;0.95;0.399477650178596;0.5;0.6
NA;58.6674296181442;NA;NA;NA;NA;0.95;0.917955622076988;0.5;0.5
NA;56.6140995214779;NA;NA;NA;NA;0.95;0.750246282666922;0.5;0.5
267;61.2675645304732;97.0145012413246;33.2300076376747;7;5;0.95;0.955685308203101;0.5;0
268;45.2799319777188;74.1973416360543;27.7946210558187;4;7;0;0.890825999667868;0.5;0
269;NA;107.380415733588;30.2016272297937;4;7;0;0.297899091849104;0.5;0.1
270;46.5578726107651;93.2996951320974;27.0608105643198;2;9;0;0.684602394234389;0.5;0
271;23.830234040581;87.4903725755997;27.8649125768234;7;5;0;0.840903115924448;0.5;0
NA;62.4647560615059;NA;NA;NA;NA;0.95;0.683011590968817;0.5;0.5
NA;64.629790702617;NA;NA;NA;NA;0.95;0.85332800890319;0.5;0.5
274;46.7039832213393;100.484575945052;28.2124788943582;4;8;0;0.597697444958612;0.5;0
NA;NA;NA;NA;NA;NA;0.95;0.417607147945091;0.5;0.6
NA;65.7093842971734;NA;NA;NA;NA;0.95;0.665659346617758;0.5;0.5
NA;NA;NA;NA;NA;NA;0.95;0.0333436205983162;0.5;0.6
NA;70.9404743792944;NA;NA;NA;NA;0.95;0.697798180859536;0.5;0.5
NA;NA;NA;NA;NA;NA;0.95;0.414227094734088;0.5;0.6
NA;NA;NA;NA;NA;NA;0.95;0.472190256463364;0.5;0.6
NA;NA;NA;NA;NA;NA;0.95;0.00565630802884698;0.5;0.6
282;47.4284394507599;104.671821835973;30.2448572105546;5;6;0;0.606137700611725;0.5;0
283;NA;92.6878187473481;26.4788487574794;7;8;0;0.0632934011518955;0.5;0.1
284;38.2720291885044;89.2233676489574;25.5879445992558;7;9;0;0.744573808275163;0.5;0
285;NA;85.0324494296371;31.0138708217369;1;8;0;0.18781858170405;0.5;0.1
286;NA;101.209597505282;33.503474557916;1;6;0;0.400130638852715;0.5;0.1
287;50.7065174006173;102.981671750038;32.6588794443126;7;1;0;0.510353818302974;0.5;0
288;NA;105.845450270867;33.0248963390945;3;9;0;0.0602151530329138;0.5;0.1
289;NA;89.8835316688194;29.4322915659205;5;8;0;0.344610658241436;0.5;0.1
NA;NA;NA;NA;NA;NA;0.95;0.328975508688018;0.5;0.6
291;NA;93.6747671583335;28.2796721106597;6;8;0;0.27012319653295;0.5;0.1
292;NA;83.4228820122341;26.8016454034343;4;1;0;0.421085997251794;0.5;0.1
293;NA;78.7076240757533;26.2869340962821;6;5;0;0.19416865776293;0.5;0.1
294;NA;91.1914755120313;29.2668682893261;2;6;0;0.374104716582224;0.5;0.1
295;37.5095392923649;81.7869397697672;32.0044663976857;1;6;0;0.843401247868314;0.5;0
NA;NA;NA;NA;NA;NA;0.95;0.294276631670073;0.5;0.6
297;52.4226525177789;97.7235763858327;28.0004331286594;7;3;0;0.734321462921798;0.5;0
298;NA;101.129919919455;30.0254767787317;2;10;0;0.0132572141010314;0.5;0.1
299;52.5767760454591;108.178785556622;33.9258742940471;4;2;0;0.82275371463038;0.5;0
300;NA;85.1709751167037;26.7155743151379;5;8;0;0.0413535928819329;0.5;0.1
301;NA;96.9124419741692;28.6885400826797;4;10;0;0.338407026836649;0.5;0.1
302;NA;95.9460581259472;34.8656866205955;3;10;0;0.263676296686754;0.5;0.1
303;NA;92.0200636647311;25.1527767721325;6;1;0;0.0136140785180032;0.5;0.1
304;44.5337488072188;90.0153876174852;27.7799612563107;7;7;0;0.720516182016581;0.5;0
305;NA;78.8336733335539;29.7789578829639;6;8;0;0.312500445172191;0.5;0.1
306;NA;87.8463777716999;28.7399114803112;2;10;0;0.217496412573382;0.5;0.1
307;54.0505617409778;74.2424696544395;26.5380215277155;2;6;0;0.813360337167978;0.5;0
308;NA;95.127175243151;26.9872823381548;1;7;0;0.248615708202124;0.5;0.1
309;36.8478171559874;84.8042151076347;30.0804256830549;6;6;0;0.885365632828325;0.5;0
310;39.6845173058044;85.2032390406933;34.0040132306238;6;2;0;0.535676327301189;0.5;0
311;54.8235282723191;108.56331635231;27.026600497802;6;6;0;0.821814481867477;0.5;0
312;NA;86.3311259585631;32.1085197087695;6;4;0;0.332479642238468;0.5;0.1
313;42.2688618042254;105.510162606184;27.6676248872778;7;3;0;0.796300031943247;0.5;0
NA;NA;NA;NA;NA;NA;0.95;0.3110725088045;0.5;0.6
315;NA;89.2511167775315;26.7480357779511;6;5;0;0.349093658849597;0.5;0.1
316;38.0864088458066;86.3932972097784;29.6602437433497;6;4;0;0.674661492230371;0.5;0
317;52.099058542144;87.002652073998;29.1190804684527;6;3;0;0.823246764251962;0.5;0
NA;NA;NA;NA;NA;NA;0.95;0.474265590775758;0.5;0.6
NA;NA;NA;NA;NA;NA;0.95;0.20038527296856;0.5;0.6
320;NA;94.2903104572055;28.4014635614322;4;1;0;0.0307374491821975;0.5;0.1
321;42.9085165155507;97.6868273619155;34.7198023380935;2;4;0;0.788460316136479;0.5;0
322;39.2786622899305;95.9045119443448;31.6341383755484;2;3;0;0.566259775077924;0.5;0
323;NA;84.8473715091646;32.6418201065859;3;7;0;0.0985724173951894;0.5;0.1
324;23.6316896277918;75.533750686894;26.0100415480462;4;9;0;0.911083919927478;0.5;0
325;53.3613065622207;83.5568832580997;28.9704153084516;5;4;0;0.759814119199291;0.5;0
326;42.3871610335967;80.2213892390646;34.225976368241;2;7;0;0.626107279444113;0.5;0
NA;NA;NA;NA;NA;NA;0.95;0.352646086364985;0.5;0.6
328;49.9810908726007;85.4116186045336;30.9231056704554;4;3;0;0.907513271551579;0.5;0
NA;63.6184418474887;NA;NA;NA;NA;0.95;0.917875660816208;0.5;0.5
330;31.8482090552651;102.071985952073;31.7787356960558;5;6;0;0.879906432935968;0.5;0
NA;57.3018587165026;NA;NA;NA;NA;0.95;0.587079127784818;0.5;0.5
332;NA;85.5453891950596;32.5363804111238;3;6;0;0.200840685050935;0.5;0.1
333;48.4772048696831;78.9960630229404;32.355575145661;1;4;0;0.626163434004411;0.5;0
334;37.3392946891098;81.7562516392964;27.3499271156284;7;3;0;0.508401846978813;0.5;0
NA;71.5512038132642;NA;NA;NA;NA;0.95;0.708631427492946;0.5;0.5
336;45.1089134491125;100.61046216002;31.9392772533615;5;4;0;0.898911976721138;0.5;0
337;NA;107.172085332408;32.7957797458243;3;4;0;0.057814973872155;0.5;0.1
338;54.8104926253304;77.2928441535577;34.356044160238;4;6;0;0.988999952096492;0.5;0
NA;NA;NA;NA;NA;NA;0.95;0.368829863611609;0.5;0.6
340;46.637587603425;94.3365362281434;27.6770024198629;1;7;0;0.61164167849347;0.5;0
341;52.3653598649407;92.4637233231373;31.8629132883773;4;4;0;0.945387213956565;0.5;0
342;NA;92.7612325887871;30.6647503686985;4;5;0;0.439129976090044;0.5;0.1
NA;61.7194924287184;NA;NA;NA;NA;0.95;0.774419456953183;0.5;0.5
344;48.4008018829257;74.483785611532;27.2525309934011;6;2;0;0.91619450552389;0.5;0
345;NA;87.0841316098532;30.7043999213195;7;1;0;0.0411014477722347;0.5;0.1
NA;67.356599881726;NA;NA;NA;NA;0.95;0.649605522863567;0.5;0.5
NA;55.1296792959347;NA;NA;NA;NA;0.95;0.85546395345591;0.5;0.5
NA;NA;NA;NA;NA;NA;0.95;0.151306013809517;0.5;0.6
349;NA;78.527478458133;32.3989645470376;6;5;0;0.496266735019162;0.5;0.1
350;44.4323382119737;90.8367515854961;30.5862472857929;1;6;0;0.781798612792045;0.5;0
351;NA;96.0531547216291;33.5360717643929;7;5;0;0.209900016197935;0.5;0.1
352;NA;88.7573203653821;32.3613925424644;2;4;0;0.155256126541644;0.5;0.1
353;49.390384292972;105.351661795933;28.7171629839374;1;5;0;0.674022680614144;0.5;0
354;39.6873404914429;99.804490042501;29.3333685772729;1;1;0;0.917387162568048;0.5;0
355;38.9022960127805;72.1365525774476;27.8629159196438;1;7;0;0.774819544283673;0.5;0
356;NA;95.8545348930062;27.0897327940503;1;1;0;0.407644236925989;0.5;0.1
NA;NA;NA;NA;NA;NA;0.95;0.243825322249904;0.5;0.6
358;41.7504389983083;81.0583189111756;28.2128491236286;2;8;0;0.511668249033391;0.5;0
359;NA;89.8261846901114;30.3904410872024;1;1;0;0.478586203185841;0.5;0.1
360;50.9047962524915;96.8917073435698;33.332299671953;5;6;0;0.626296218018979;0.5;0
NA;67.7083343952393;NA;NA;NA;NA;0.95;0.514263428281993;0.5;0.5
362;47.8190435441081;88.3554133384594;29.1253293710978;7;2;0;0.951625538058579;0.5;0
363;NA;96.6636157348136;26.9280892102972;7;6;0;0.193085167557001;0.5;0.1
NA;NA;NA;NA;NA;NA;0.95;0.218745236285031;0.5;0.6
365;NA;98.817745762225;30.4444978181318;4;3;0;0.031191194197163;0.5;0.1
366;45.9402434076639;86.9971688936;28.1742065258514;3;1;0;0.661340615712106;0.5;0
367;NA;110.384652446877;28.0132361518466;6;5;0;0.35812122374773;0.5;0.1
NA;NA;NA;NA;NA;NA;0.95;0.212177668465301;0.5;0.6
369;53.3139068507223;87.9170054778541;25.8287589997749;2;4;0;0.900060554035008;0.5;0
370;34.18456008044;86.6577442440901;30.3907253090226;3;5;0;0.757918098242953;0.5;0
371;NA;85.0979078297082;28.7944330264947;2;3;0;0.112327591981739;0.5;0.1
372;NA;87.1421316173258;26.3669388795168;6;1;0;0.232187617337331;0.5;0.1
373;NA;80.6767567067529;28.6393341128687;5;9;0;0.345351570518687;0.5;0.1
374;NA;87.4011727198196;33.7387189118774;7;9;0;0.217864121776074;0.5;0.1
375;47.5629219662399;92.2579663721482;39.7300083706041;3;1;0;0.786220710957423;0.5;0
NA;66.0498310736894;NA;NA;NA;NA;0.95;0.900848898338154;0.5;0.5
377;36.5693396867471;69.4120729721265;31.4838503443086;4;4;0;0.956790435127914;0.5;0
NA;NA;NA;NA;NA;NA;0.95;0.34275565831922;0.5;0.6
379;48.7430628332292;79.3200391426118;33.2417295640202;1;3;0;0.726822641212493;0.5;0
NA;NA;NA;NA;NA;NA;0.95;0.0187503530178219;0.5;0.6
NA;NA;NA;NA;NA;NA;0.95;0.426190826343372;0.5;0.6
NA;59.2881034781976;NA;NA;NA;NA;0.95;0.561750136082992;0.5;0.5
383;46.4644760763774;80.387214396581;35.2749160111316;5;1;0;0.55273211421445;0.5;0
NA;NA;NA;NA;NA;NA;0.95;0.226356664672494;0.5;0.6
385;NA;83.6775088048713;23.3115580659557;4;7;0;0.498569163959473;0.5;0.1
386;NA;86.0447370201337;33.611813420907;2;10;0;0.339377034222707;0.5;0.1
NA;NA;NA;NA;NA;NA;0.95;0.413552354322746;0.5;0.6
NA;NA;NA;NA;NA;NA;0.95;0.00318276789039373;0.5;0.6
389;49.1279694395256;99.629327150089;28.9415747141955;1;1;0;0.678202975308523;0.5;0
NA;NA;NA;NA;NA;NA;0.95;0.15252892812714;0.5;0.6
391;53.3278470231612;86.4837641781932;33.2907531394793;2;2;0;0.864431502297521;0.5;0
NA;62.7697248062498;NA;NA;NA;NA;0.95;0.729720957111567;0.5;0.5
NA;NA;NA;NA;NA;NA;0.95;0.280854598851874;0.5;0.6
NA;60.6505099843886;NA;NA;NA;NA;0.95;0.655603373656049;0.5;0.5
395;47.1031211487013;103.018433678396;32.5344404912516;6;2;0;0.964469275204465;0.5;0
396;NA;87.1847017228297;25.7169908923687;3;6;0;0.256633654236794;0.5;0.1
397;NA;94.2883088224991;29.5437249859564;7;7;0;0.337724518496543;0.5;0.1
NA;66.0237281035715;NA;NA;NA;NA;0.95;0.798372340155765;0.5;0.5
399;50.5858559273429;81.3404857735756;32.3318966332762;1;8;0;0.667396686039865;0.5;0
400;NA;87.8016443675861;31.9711000371001;3;9;0;0.233645868720487;0.5;0.1
401;60.8187634817794;92.0846075445027;32.3120165170799;1;8;0.95;0.968234802596271;0.5;0
NA;55.7345706499594;NA;NA;NA;NA;0.95;0.922657410847023;0.5;0.5
NA;NA;NA;NA;NA;NA;0.95;0.396665827138349;0.5;0.6
404;37.9452758529191;103.933714021248;35.9753424120165;7;7;0;0.891384368529543;0.5;0
405;46.9990760369819;90.6526582130554;38.1829143135683;3;10;0;0.899961217539385;0.5;0
406;NA;90.8189757265581;29.6860469794766;6;2;0;0.054021944059059;0.5;0.1
407;NA;107.74022980504;24.5225600979562;1;7;0;0.389620153233409;0.5;0.1
408;60.5292560817065;80.7774288917731;26.6746424818721;5;3;0.95;0.975459398701787;0.5;0
NA;NA;NA;NA;NA;NA;0.95;0.376651227707043;0.5;0.6
410;NA;84.790685262272;34.208784735283;3;6;0;0.39976843772456;0.5;0.1
NA;NA;NA;NA;NA;NA;0.95;0.0081026810221374;0.5;0.6
NA;62.0580783661247;NA;NA;NA;NA;0.95;0.549519650638103;0.5;0.5
413;58.3309460104972;74.7957831411323;28.4162012577176;7;9;0.95;0.994448956800625;0.5;0
NA;NA;NA;NA;NA;NA;0.95;0.222577738808468;0.5;0.6
415;NA;106.780632177525;31.5715687192035;6;4;0;0.49334128969349;0.5;0.1
NA;69.558276951833;NA;NA;NA;NA;0.95;0.867839835584164;0.5;0.5
NA;56.7885915616819;NA;NA;NA;NA;0.95;0.682355637662113;0.5;0.5
418;NA;74.7532818348745;28.55411511091;4;1;0;0.24395559867844;0.5;0.1
419;40.9310685461958;102.308290659052;24.881143951648;6;10;0;0.721951024141163;0.5;0
420;47.4092498055799;108.390282352397;28.3198435370927;7;6;0;0.997007556492463;0.5;0
NA;NA;NA;NA;NA;NA;0.95;0.125407280633226;0.5;0.6
422;NA;93.9425087901693;28.3882522803636;4;6;0;0.0547128219623119;0.5;0.1
NA;NA;NA;NA;NA;NA;0.95;0.241523206001148;0.5;0.6
424;NA;93.0947766533851;30.5048963840127;5;5;0;0.178038611076772;0.5;0.1
NA;57.1896153460646;NA;NA;NA;NA;0.95;0.504633587552235;0.5;0.5
426;NA;87.1040388160869;29.4512922361244;7;9;0;0.317505297018215;0.5;0.1
NA;NA;NA;NA;NA;NA;0.95;0.0432904213666916;0.5;0.6
428;50.5452259767325;100.419190221827;35.4163451749057;1;6;0;0.702187436632812;0.5;0
429;NA;88.8956820222349;29.0639139787029;3;4;0;0.275531042600051;0.5;0.1
430;46.1053967860489;89.9285959855231;32.7632807737397;2;2;0;0.841516669839621;0.5;0
431;NA;91.1247395739856;27.7350162414007;2;3;0;0.336804267950356;0.5;0.1
NA;56.7974837292812;NA;NA;NA;NA;0.95;0.793538127094507;0.5;0.5
NA;NA;NA;NA;NA;NA;0.95;0.0580079234205186;0.5;0.6
NA;57.1741975078009;NA;NA;NA;NA;0.95;0.621848642360419;0.5;0.5
435;NA;74.0962706290232;29.6631964942432;7;2;0;0.00622767442837358;0.5;0.1
NA;56.7748294506178;NA;NA;NA;NA;0.95;0.635117660276592;0.5;0.5
437;NA;90.7092006977675;32.7214478770982;6;5;0;0.122726148925722;0.5;0.1
NA;58.3023164355564;NA;NA;NA;NA;0.95;0.686309199081734;0.5;0.5
439;46.5843265993588;83.1735460359532;26.9776054055709;7;2;0;0.955085409339517;0.5;0
440;48.8219342833803;99.7797066153365;33.4759531881717;2;2;0;0.859224713174626;0.5;0
NA;NA;NA;NA;NA;NA;0.95;0.261241723317653;0.5;0.6
442;NA;100.625964512967;30.6567746004682;2;10;0;0.368462454760447;0.5;0.1
NA;68.1366231456858;NA;NA;NA;NA;0.95;0.54597380454652;0.5;0.5
444;43.4075320416009;85.7272864106297;26.5619010196895;4;3;0;0.925818926654756;0.5;0
NA;NA;NA;NA;NA;NA;0.95;0.403036531759426;0.5;0.6
446;NA;91.6088181287832;28.0375387634141;5;8;0;0.191779997432604;0.5;0.1
NA;57.4100063746927;NA;NA;NA;NA;0.95;0.581366111524403;0.5;0.5
448;NA;89.1064179219324;23.6053392452165;6;10;0;0.041104165604338;0.5;0.1
449;54.0212203093191;98.3764097629548;30.3095608118418;5;8;0;0.997688167262822;0.5;0
NA;NA;NA;NA;NA;NA;0.95;0.243243248434737;0.5;0.6
451;41.643571132276;98.4718686239973;30.6673715548047;7;5;0;0.537946230499074;0.5;0
NA;NA;NA;NA;NA;NA;0.95;0.244388421298936;0.5;0.6
NA;NA;NA;NA;NA;NA;0.95;0.0537891406565905;0.5;0.6
454;NA;97.3818854044114;29.4205124808971;5;2;0;0.181442570639774;0.5;0.1
455;NA;88.5250340841677;37.2566084342044;1;1;0;0.369331419002265;0.5;0.1
456;NA;104.88106197784;30.0102014218702;2;6;0;0.0957661073189229;0.5;0.1
457;54.8449761630857;86.6760271689041;31.9249681471007;5;7;0;0.818126239348203;0.5;0
458;NA;93.2121944732654;30.0440115146365;1;3;0;0.0341047497931868;0.5;0.1
NA;73.1371431063757;NA;NA;NA;NA;0.95;0.5697365347296;0.5;0.5
NA;NA;NA;NA;NA;NA;0.95;0.388288300484419;0.5;0.6
461;NA;90.4199678444077;29.9044989681153;2;6;0;0.361190528143197;0.5;0.1
462;NA;98.9884333154398;32.8689615853249;6;4;0;0.0487990574911237;0.5;0.1
NA;60.0648833881362;NA;NA;NA;NA;0.95;0.649741163244471;0.5;0.5
464;33.6938716950812;95.3721149896765;42.0994833073089;3;4;0;0.514351529534906;0.5;0
NA;62.3263814177544;NA;NA;NA;NA;0.95;0.605250858934596;0.5;0.5
466;39.5009955018564;100.676939682454;28.8681787153435;2;10;0;0.907920994563028;0.5;0
467;NA;82.613765229751;34.0885479127042;5;10;0;0.162410320481285;0.5;0.1
468;48.7478777479051;100.44975903269;31.3325642991785;4;10;0;0.688974534859881;0.5;0
NA;NA;NA;NA;NA;NA;0.95;0.0386169003322721;0.5;0.6
NA;NA;NA;NA;NA;NA;0.95;0.272108557634056;0.5;0.6
471;50.1284516748485;87.0315035726949;28.4381488956818;7;10;0;0.624225922860205;0.5;0
472;NA;104.038229186796;32.7821517584227;6;5;0;0.0498065622523427;0.5;0.1
NA;57.7424766060263;NA;NA;NA;NA;0.95;0.890035422984511;0.5;0.5
474;48.3369527647483;84.4894292763529;26.9781956563939;1;4;0;0.736392050981522;0.5;0
NA;NA;NA;NA;NA;NA;0.95;0.0530859446153045;0.5;0.6
476;45.140308085055;93.9589962752606;32.4020833124025;6;10;0;0.988631442189217;0.5;0
477;NA;95.6152835940471;27.2040365822232;4;1;0;0.0217205337248743;0.5;0.1
478;52.4279706546678;80.7347134785021;27.4220047080112;3;3;0;0.656618617475033;0.5;0
479;47.6446982057356;80.9437426101668;28.6230895736947;6;8;0;0.767913019517437;0.5;0
480;45.2091712112269;85.783718843529;33.2334018953533;3;10;0;0.655147634446621;0.5;0
481;53.6828337370573;87.5262427370389;30.7023882588221;2;10;0;0.857523696031421;0.5;0
NA;64.6856637991871;NA;NA;NA;NA;0.95;0.605458199046552;0.5;0.5
483;NA;111.918117823221;32.4000657476126;1;4;0;0.0271627055481076;0.5;0.1
484;NA;77.1339885408997;25.0922579727965;7;7;0;0.439122671028599;0.5;0.1
485;46.9261720609772;99.7992968114533;28.1533152632535;5;9;0;0.582681461935863;0.5;0
NA;NA;NA;NA;NA;NA;0.95;0.0252267667092383;0.5;0.6
487;41.6379743900065;100.004291793997;32.9476295065636;3;5;0;0.503834846196696;0.5;0
NA;NA;NA;NA;NA;NA;0.95;0.287733054021373;0.5;0.6
489;47.1966562831339;82.493391926049;30.3437202650691;4;9;0;0.854979773983359;0.5;0
490;NA;105.089533760374;29.0902851109825;6;3;0;0.0797639668453485;0.5;0.1
491;50.2009280151631;108.998096764328;28.819342682382;6;5;0;0.935377307469025;0.5;0
492;40.6219765195099;81.3079299329685;31.7502468562029;7;7;0;0.882495424011722;0.5;0
493;NA;85.0058011380574;26.1222913083945;5;6;0;0.0514950098004192;0.5;0.1
494;43.0069351526211;105.406495534142;30.1328915060628;2;6;0;0.884543672204018;0.5;0
NA;63.3187573517881;NA;NA;NA;NA;0.95;0.526006726082414;0.5;0.5
496;NA;89.9457214785398;28.8254227771778;2;8;0;0.364629274234176;0.5;0.1
497;NA;94.6105018583759;30.6113425219989;1;1;0;0.140871201874688;0.5;0.1
498;NA;86.8699051654598;31.1396528335888;3;4;0;0.377965907333419;0.5;0.1
NA;NA;NA;NA;NA;NA;0.95;0.470536206383258;0.5;0.6
NA;65.2576219597777;NA;NA;NA;NA;0.95;0.920503732282668;0.5;0.5
501;NA;93.5973375499243;30.998429726622;7;8;0;0.0109347235411406;0.5;0.1
NA;62.4373896571471;NA;NA;NA;NA;0.95;0.85658106720075;0.5;0.5
503;53.2931201316684;94.8595903231407;32.2622096843981;6;9;0;0.872520898934454;0.5;0
504;NA;102.291545211845;25.2312107981226;1;7;0;0.28989295149222;0.5;0.1
505;NA;105.638848587642;23.4810560555213;2;9;0;0.297639560420066;0.5;0.1
NA;NA;NA;NA;NA;NA;0.95;0.0403763549402356;0.5;0.6
NA;NA;NA;NA;NA;NA;0.95;0.204256059834734;0.5;0.6
NA;NA;NA;NA;NA;NA;0.95;0.393892082618549;0.5;0.6
509;51.1580254723786;91.2273187767302;31.4273723822001;5;6;0;0.583015953889117;0.5;0
NA;61.5650370301303;NA;NA;NA;NA;0.95;0.517189759295434;0.5;0.5
NA;64.1402730389111;NA;NA;NA;NA;0.95;0.93364192917943;0.5;0.5
512;NA;99.9344718233618;32.5163904852049;5;9;0;0.323326121782884;0.5;0.1
513;50.3647056654947;83.4759918843671;32.0678023479402;6;4;0;0.890721790958196;0.5;0
NA;61.1923725520751;NA;NA;NA;NA;0.95;0.724605378229171;0.5;0.5
515;33.5670742088868;98.0549518985957;22.0435600101373;2;2;0;0.913386717904359;0.5;0
516;NA;103.563931188527;29.1565896707761;1;10;0;0.481388892512769;0.5;0.1
NA;NA;NA;NA;NA;NA;0.95;0.310290533350781;0.5;0.6
518;NA;67.8475114680575;29.5666920095751;2;1;0;0.433812550967559;0.5;0.1
519;NA;114.306871186411;30.5861137835602;4;7;0;0.0565660649444908;0.5;0.1
NA;57.329478312578;NA;NA;NA;NA;0.95;0.822750946972519;0.5;0.5
521;33.3474828234062;89.4741211697467;35.393218256795;7;7;0;0.73128674714826;0.5;0
522;NA;100.299330620227;31.9812716308711;3;2;0;0.358530993806198;0.5;0.1
NA;57.8829565282365;NA;NA;NA;NA;0.95;0.570294960169122;0.5;0.5
524;39.3670137349833;94.7247525339746;27.2134502864111;4;6;0;0.57410731818527;0.5;0
NA;55.6352064330831;NA;NA;NA;NA;0.95;0.831028584158048;0.5;0.5
526;NA;101.057079250171;30.452202300124;6;1;0;0.15077036828734;0.5;0.1
527;51.9931494381113;77.4984091953427;29.9852583938003;4;7;0;0.78340640082024;0.5;0
528;58.7371143047363;78.6264384931128;29.2515337964399;4;9;0.95;0.962962652323768;0.5;0
529;44.9833476345203;59.5268683270325;36.1554255067003;2;3;0;0.879397039301693;0.5;0
NA;NA;NA;NA;NA;NA;0.95;0.37371841352433;0.5;0.6
NA;NA;NA;NA;NA;NA;0.95;0.430615779012442;0.5;0.6
532;47.6261438875096;83.4233063034035;24.9501119403408;6;1;0;0.582441271282732;0.5;0
533;33.29895020647;93.6319909284077;29.778510570725;6;10;0;0.503924198914319;0.5;0
NA;NA;NA;NA;NA;NA;0.95;0.224893986945972;0.5;0.6
535;NA;85.2497397737442;33.8572993019802;1;10;0;0.309345915680751;0.5;0.1
536;51.876584245426;100.530065778299;29.7799455317023;5;3;0;0.597921795910224;0.5;0
NA;NA;NA;NA;NA;NA;0.95;0.269255537539721;0.5;0.6
NA;NA;NA;NA;NA;NA;0.95;0.23881952278316;0.5;0.6
NA;58.0695412855594;NA;NA;NA;NA;0.95;0.836569562554359;0.5;0.5
540;35.2056401723155;86.7929332560402;30.9113069310349;2;2;0;0.635821443516761;0.5;0
541;45.5647696284791;91.0486978310011;27.8492771738119;6;8;0;0.523076325189322;0.5;0
NA;NA;NA;NA;NA;NA;0.95;0.200771972071379;0.5;0.6
NA;NA;NA;NA;NA;NA;0.95;0.386766059789807;0.5;0.6
544;49.5381428930657;97.2916879736104;32.4097369646972;7;10;0;0.640520308865234;0.5;0
545;53.1803549553058;93.3456402382621;28.522740623771;3;10;0;0.519516063621268;0.5;0
NA;63.2315978758398;NA;NA;NA;NA;0.95;0.838198507903144;0.5;0.5
547;NA;100.027228118811;25.6972723291801;2;9;0;0.253815173869953;0.5;0.1
548;48.5281384555829;94.7435251685909;34.7953143673985;4;2;0;0.510656988946721;0.5;0
NA;70.2247765809815;NA;NA;NA;NA;0.95;0.589766582706943;0.5;0.5
NA;61.4774383149572;NA;NA;NA;NA;0.95;0.919818044174463;0.5;0.5
551;NA;86.267352762715;25.7199723809123;2;3;0;0.423303289106116;0.5;0.1
552;54.3301813761596;95.644228804238;31.3000544491675;4;1;0;0.920716283610091;0.5;0
NA;NA;NA;NA;NA;NA;0.95;0.481545041780919;0.5;0.6
554;NA;95.3516246537918;28.9332369718229;5;5;0;0.138004702050239;0.5;0.1
555;46.6870370774003;82.6665515441132;32.3292607605658;5;10;0;0.552346483338624;0.5;0
556;NA;82.7904366919388;31.0809186719968;3;10;0;0.487616853090003;0.5;0.1
NA;55.8105176492558;NA;NA;NA;NA;0.95;0.938394160475582;0.5;0.5
NA;NA;NA;NA;NA;NA;0.95;0.16772870789282;0.5;0.6
559;42.1817681107222;79.6413607029915;33.6152026140201;3;2;0;0.85292868851684;0.5;0
560;39.4668837819286;80.7463109091715;28.6951409522086;5;6;0;0.988313941750675;0.5;0
561;NA;80.6519069046149;33.4430797529439;6;7;0;0.0886850820388645;0.5;0.1
562;44.7759343138939;94.8813678657909;31.7632746414363;2;3;0;0.658979176543653;0.5;0
563;41.2115644092553;88.8401540373809;29.9262933451453;2;9;0;0.691671924199909;0.5;0
564;53.6105117194839;93.7752709334008;28.9798833353144;3;6;0;0.954753497149795;0.5;0
565;NA;77.2683252422278;29.6416187637197;4;10;0;0.226582783972844;0.5;0.1
566;41.4606726542281;89.4343278516029;30.3635195482968;2;7;0;0.774451507953927;0.5;0
NA;58.4009965546029;NA;NA;NA;NA;0.95;0.569852592190728;0.5;0.5
568;32.6232038597692;87.1038007704898;27.5337808618926;1;10;0;0.743507136590779;0.5;0
569;50.506857403788;90.322277092277;25.7433908766895;1;8;0;0.757678633090109;0.5;0
NA;57.749203014768;NA;NA;NA;NA;0.95;0.724758795229718;0.5;0.5
NA;55.4108328714782;NA;NA;NA;NA;0.95;0.624152511358261;0.5;0.5
572;NA;89.4497665045243;28.0019947481931;5;3;0;0.00394485029391944;0.5;0.1
573;NA;72.3492126211791;26.7287312685046;6;2;0;0.443948839558288;0.5;0.1
574;NA;92.261293824144;34.4632570259108;4;6;0;0.430690239882097;0.5;0.1
575;45.2818444835673;83.8769786261415;31.4624954759895;2;4;0;0.554614680120721;0.5;0
NA;57.143229570595;NA;NA;NA;NA;0.95;0.803833085112274;0.5;0.5
577;NA;93.2867174013716;29.2481638931315;4;6;0;0.496915942756459;0.5;0.1
NA;NA;NA;NA;NA;NA;0.95;0.380874330177903;0.5;0.6
579;43.0267593220703;91.5263923136481;35.1231934504902;1;6;0;0.520401962799951;0.5;0
NA;55.3003500330163;NA;NA;NA;NA;0.95;0.539626647252589;0.5;0.5
581;NA;76.3255542596475;28.2161630073153;5;5;0;0.159642432816327;0.5;0.1
582;37.1934268782914;105.546854487157;27.4932287657988;2;10;0;0.682549088727683;0.5;0
583;NA;94.18667172046;27.7932148145046;2;7;0;0.18231928977184;0.5;0.1
NA;NA;NA;NA;NA;NA;0.95;0.398740111617371;0.5;0.6
585;49.085633937;86.2452521469398;29.0619739461781;4;8;0;0.546125795692205;0.5;0
NA;55.7054008776661;NA;NA;NA;NA;0.95;0.726795749505982;0.5;0.5
587;NA;90.6090381441716;32.4487478929636;5;9;0;0.168928877450526;0.5;0.1
588;NA;99.9193596373204;29.6182290042367;6;5;0;0.12093662424013;0.5;0.1
589;NA;82.7334004878927;24.9554799438959;2;3;0;0.345870023826137;0.5;0.1
590;NA;67.3834665793345;32.4124060186337;4;3;0;0.0343509493395686;0.5;0.1
591;35.4420141446529;91.2560561263931;36.7505258153013;3;8;0;0.693580887280405;0.5;0
592;NA;67.5056945263478;22.8258288914683;6;1;0;0.178828014293686;0.5;0.1
593;45.6344160903945;94.943539835648;29.4715488222852;5;2;0;0.974721927894279;0.5;0
594;42.8556299485891;95.4655235411947;28.2313030132223;3;2;0;0.578190251952037;0.5;0
595;NA;99.9123527319588;28.5378146656862;2;4;0;0.17565667279996;0.5;0.1
596;NA;82.8992079488363;33.9239343621959;6;4;0;0.41103996289894;0.5;0.1
597;51.5749307656031;84.2836063538496;33.8142684821361;4;8;0;0.983384294668213;0.5;0
598;52.4532150699709;89.8727295684557;33.4167961321417;7;6;0;0.66830821451731;0.5;0
NA;NA;NA;NA;NA;NA;0.95;0.325319927651435;0.5;0.6
600;NA;96.1389142356676;33.079371928308;5;9;0;0.341456840280443;0.5;0.1
601;41.6248272401872;92.8914971116571;31.9349084017417;2;4;0;0.895613939501345;0.5;0
NA;NA;NA;NA;NA;NA;0.95;0.233448159182444;0.5;0.6
NA;NA;NA;NA;NA;NA;0.95;0.00298106134869158;0.5;0.6
604;53.9119762093733;98.059505153387;39.0401472630063;3;8;0;0.55475259735249;0.5;0
605;NA;82.9766846667272;21.1500459379475;5;1;0;0.0964684281498194;0.5;0.1
606;47.7623070362597;85.8524115662221;30.9964673249156;1;6;0;0.57111623743549;0.5;0
607;47.6333780442891;83.5177779449211;33.9216770032875;4;7;0;0.876459537539631;0.5;0
608;51.7332672893806;106.677244326284;31.0193977415588;3;7;0;0.668751005548984;0.5;0
NA;61.8327220834278;NA;NA;NA;NA;0.95;0.792725031729788;0.5;0.5
610;41.4520853120569;94.8182995473574;33.6853918093878;4;4;0;0.568963510915637;0.5;0
611;NA;85.0416463461841;33.1361255047954;2;4;0;0.140933734364808;0.5;0.1
NA;NA;NA;NA;NA;NA;0.95;0.467489156406373;0.5;0.6
613;NA;89.3250382801513;26.4314839010139;4;8;0;0.0486045521683991;0.5;0.1
NA;NA;NA;NA;NA;NA;0.95;0.276275661075488;0.5;0.6
NA;55.6513004384623;NA;NA;NA;NA;0.95;0.5434357940685;0.5;0.5
616;52.2270884829814;93.2922678650069;32.4039573590118;2;6;0;0.851634605787694;0.5;0
NA;NA;NA;NA;NA;NA;0.95;0.161767344456166;0.5;0.6
618;41.5578948563573;74.3718597524655;33.5839700304139;7;4;0;0.590230412082747;0.5;0
NA;66.3066343914608;NA;NA;NA;NA;0.95;0.813624926144257;0.5;0.5
620;NA;92.1746233379679;29.9017006010607;4;1;0;0.0496213426813483;0.5;0.1
NA;70.6424193590613;NA;NA;NA;NA;0.95;0.675030217971653;0.5;0.5
622;NA;107.665867649061;31.3564254406862;3;9;0;0.0750897421967238;0.5;0.1
NA;63.9342656488103;NA;NA;NA;NA;0.95;0.825303632533178;0.5;0.5
NA;NA;NA;NA;NA;NA;0.95;0.259668964892626;0.5;0.6
625;46.8688604693122;97.4205890617507;29.8607857159342;2;6;0;0.735569628188387;0.5;0
626;54.6248227877273;98.971336462205;31.9815775542013;7;7;0;0.735293531557545;0.5;0
627;30.8529634722869;92.5340032647154;31.8855499288245;5;4;0;0.688751721289009;0.5;0
628;NA;71.6050351572192;31.8885379103237;1;9;0;0.0602364127989858;0.5;0.1
629;NA;78.0215734075616;30.7722855472651;2;10;0;0.334046378731728;0.5;0.1
630;42.8965710613341;102.795760756854;30.1697687052534;5;4;0;0.820236255181953;0.5;0
631;53.0318178571149;103.905136129747;30.7812483901832;7;3;0;0.765574398450553;0.5;0
NA;65.3049817190207;NA;NA;NA;NA;0.95;0.665089782793075;0.5;0.5
NA;NA;NA;NA;NA;NA;0.95;0.30971095780842;0.5;0.6
NA;NA;NA;NA;NA;NA;0.95;0.127477249363437;0.5;0.6
635;NA;78.8857653663293;31.673782168901;5;7;0;0.127410046057776;0.5;0.1
636;52.4428182703272;92.3341121425917;21.772485811114;6;8;0;0.869397119386122;0.5;0
637;NA;104.941563296349;27.8281493352701;6;5;0;0.233308761147782;0.5;0.1
NA;61.4687016222317;NA;NA;NA;NA;0.95;0.549044463550672;0.5;0.5
639;NA;93.3528635376369;32.6782957052944;1;5;0;0.410725377034396;0.5;0.1
640;NA;85.750372726811;34.5801975919124;6;5;0;0.0154064123053104;0.5;0.1
641;25.7771168672789;83.075773959601;28.7041388279079;7;8;0;0.744649439584464;0.5;0
642;41.790167678014;94.1031095818726;27.1505023145818;5;7;0;0.91672610072419;0.5;0
643;26.4449730155176;80.208289026938;31.8125025594763;1;6;0;0.645269964821637;0.5;0
NA;59.6288483376577;NA;NA;NA;NA;0.95;0.568398368544877;0.5;0.5
645;54.2178642635429;80.8120290627642;26.9794884785385;1;7;0;0.720438615884632;0.5;0
646;46.1588369057853;108.60176437168;33.0135574979564;3;7;0;0.535827177809551;0.5;0
647;35.7641865085629;97.7679662089548;27.1471228818761;3;3;0;0.666681387694553;0.5;0
NA;NA;NA;NA;NA;NA;0.95;0.340279032476246;0.5;0.6
649;50.0221659015139;105.483105582507;27.2628657477359;1;7;0;0.56208042264916;0.5;0
650;46.3087164186272;89.027190079276;27.0749346756788;2;10;0;0.686465323902667;0.5;0
651;NA;95.3117886546811;25.9592149326251;4;5;0;0.240716614294797;0.5;0.1
NA;58.3848122281509;NA;NA;NA;NA;0.95;0.529249452985823;0.5;0.5
653;47.932127003268;82.0848072342667;38.2131027982873;1;6;0;0.563773214817047;0.5;0
654;NA;91.2434189901633;29.8820644305208;6;2;0;0.198455903911963;0.5;0.1
655;NA;85.555095716933;28.4004203666668;3;6;0;0.0291177998296916;0.5;0.1
NA;57.874473709048;NA;NA;NA;NA;0.95;0.735629080794752;0.5;0.5
NA;65.5430898184874;NA;NA;NA;NA;0.95;0.684161012759432;0.5;0.5
658;58.5881928427422;94.5336591871663;29.3310627038981;2;6;0.95;0.951780863106251;0.5;0
659;NA;86.1626778341657;31.1278720398817;6;3;0;0.393477635225281;0.5;0.1
660;44.4573403065927;71.0802754423148;33.1468508783011;6;8;0;0.794443680206314;0.5;0
661;49.4641990999718;92.18483140335;31.0497215792528;7;5;0;0.59582913457416;0.5;0
662;52.3678029562908;87.6643422724068;32.7825293052954;3;1;0;0.510757464915514;0.5;0
663;NA;98.7103246887646;37.0608945302116;3;5;0;0.0510212955996394;0.5;0.1
664;49.9396311712395;79.8953921827501;30.8479825744979;6;10;0;0.539961526170373;0.5;0
665;53.6447951107095;95.0444454390726;27.6404557893621;4;4;0;0.767927697394043;0.5;0
NA;NA;NA;NA;NA;NA;0.95;0.265866280999035;0.5;0.6
667;44.1307299539552;96.8128020576612;31.035309345598;3;10;0;0.521667405962944;0.5;0
NA;NA;NA;NA;NA;NA;0.95;0.41484933369793;0.5;0.6
669;NA;94.1472639861068;31.8562575481657;7;10;0;0.196670095901936;0.5;0.1
NA;NA;NA;NA;NA;NA;0.95;0.270289206877351;0.5;0.6
NA;66.9539487212222;NA;NA;NA;NA;0.95;0.879506587050855;0.5;0.5
672;NA;74.0622234512648;28.2231803133473;1;7;0;0.144212288782001;0.5;0.1
NA;NA;NA;NA;NA;NA;0.95;0.485807072371244;0.5;0.6
674;NA;100.617479638008;29.9856803200084;2;5;0;0.425711906282231;0.5;0.1
675;NA;97.921045074155;27.0414802685658;5;10;0;0.205531786428764;0.5;0.1
676;50.4135626969217;85.0437179306481;31.2904581805928;3;3;0;0.993622553069144;0.5;0
677;27.8116318589738;77.5668052934745;30.9666472496819;7;8;0;0.970935581251979;0.5;0
NA;59.0360995561086;NA;NA;NA;NA;0.95;0.848894709954038;0.5;0.5
679;31.2387662001074;90.7898945976903;29.9130141544996;3;9;0;0.648573964834213;0.5;0
680;47.6756815517663;95.7445438264091;27.5095764132047;6;2;0;0.874325259355828;0.5;0
681;NA;78.3472110248152;28.0740773834851;7;9;0;0.389134939061478;0.5;0.1
NA;61.6335490537476;NA;NA;NA;NA;0.95;0.778805499197915;0.5;0.5
683;NA;78.4448621107815;32.1566176358222;6;5;0;0.130679758964106;0.5;0.1
NA;NA;NA;NA;NA;NA;0.95;0.288494192063808;0.5;0.6
685;NA;91.9660278686198;27.4370888065896;2;8;0;0.0197834777645767;0.5;0.1
686;51.9512491021299;80.1184208945172;29.1226287313646;5;2;0;0.759254116099328;0.5;0
NA;NA;NA;NA;NA;NA;0.95;0.493349370546639;0.5;0.6
NA;61.8366174730894;NA;NA;NA;NA;0.95;0.935744396876544;0.5;0.5
689;42.7175423358168;88.7047969698407;28.7849074418916;3;8;0;0.628913009772077;0.5;0
NA;NA;NA;NA;NA;NA;0.95;0.488306288374588;0.5;0.6
691;51.4139369254604;80.5426951638431;31.0154781980607;6;10;0;0.599241173127666;0.5;0
NA;NA;NA;NA;NA;NA;0.95;0.185722940834239;0.5;0.6
693;NA;88.2835211598609;27.6917921239936;1;3;0;0.42715500947088;0.5;0.1
694;NA;97.5357708650432;30.5769593884503;1;9;0;0.231908249435946;0.5;0.1
695;35.0152900615457;105.387063504615;28.0061993462957;6;9;0;0.839715113397688;0.5;0
NA;NA;NA;NA;NA;NA;0.95;0.129453177098185;0.5;0.6
NA;NA;NA;NA;NA;NA;0.95;0.290513983927667;0.5;0.6
NA;55.4175630867693;NA;NA;NA;NA;0.95;0.65035325451754;0.5;0.5
NA;58.5052732554311;NA;NA;NA;NA;0.95;0.665100785437971;0.5;0.5
700;34.5447003810942;98.6832835300746;28.5467440955749;5;5;0;0.97014267090708;0.5;0
NA;NA;NA;NA;NA;NA;0.95;0.354449680540711;0.5;0.6
NA;57.5120666769379;NA;NA;NA;NA;0.95;0.872337949695066;0.5;0.5
NA;NA;NA;NA;NA;NA;0.95;0.378004336496815;0.5;0.6
NA;71.030911720789;NA;NA;NA;NA;0.95;0.590967165306211;0.5;0.5
NA;61.9881244013945;NA;NA;NA;NA;0.95;0.598058779723942;0.5;0.5
706;NA;98.6668834490527;26.7572680649536;7;7;0;0.321627075551078;0.5;0.1
707;NA;85.4980463435234;32.1471511503784;5;7;0;0.450685996795073;0.5;0.1
708;53.3395545187147;105.922428204107;33.9508084235552;4;1;0;0.940502249868587;0.5;0
709;39.2557907521421;97.4327230925524;28.1446227325586;3;8;0;0.828451289096847;0.5;0
710;50.1274784349683;103.51170278041;30.4982022675173;1;9;0;0.619275534525514;0.5;0
NA;70.2547471145089;NA;NA;NA;NA;0.95;0.774913371773437;0.5;0.5
NA;NA;NA;NA;NA;NA;0.95;0.00996323791332543;0.5;0.6
713;NA;81.3328580609478;32.2257063381856;5;2;0;0.481491732876748;0.5;0.1
714;49.7573216998707;68.6598261801528;36.4368374866974;6;4;0;0.890528002055362;0.5;0
715;53.8118572379306;99.006371050559;30.5583739153137;5;4;0;0.784627614775673;0.5;0
716;58.8372571095828;80.0410002720531;29.3504924996596;3;8;0.95;0.999579900642857;0.5;0
717;45.7041763990823;82.682353814425;29.1859613034127;1;3;0;0.607413208344951;0.5;0
718;48.0951804836285;62.5660577920052;29.0755638394162;4;7;0;0.897085340460762;0.5;0
719;31.7830918506589;89.0687430589901;33.3302666055611;4;3;0;0.89458056492731;0.5;0
720;NA;75.2449211277689;31.1065085609205;3;10;0;0.0130779845640063;0.5;0.1
721;NA;80.9882359581533;31.2324692610296;7;6;0;0.126625344157219;0.5;0.1
722;NA;87.9503161182574;30.9939429563831;1;2;0;0.17657086555846;0.5;0.1
723;59.3695493113888;72.5672844484221;26.3312507915407;2;1;0.95;0.975701884366572;0.5;0
724;53.7970367293352;82.6710204372418;28.5652059969139;1;5;0;0.920916073489934;0.5;0
725;39.9268420883291;88.4408754956622;31.7670003800347;5;3;0;0.581191542325541;0.5;0
726;48.2224508475297;94.1822646515022;29.5113128678372;7;4;0;0.990784264635295;0.5;0
727;NA;100.586221274181;34.1858708123478;7;7;0;0.287803695071489;0.5;0.1
728;NA;95.7580522336903;27.8953662724592;1;7;0;0.364177953219041;0.5;0.1
729;NA;96.4256448792816;31.620760302535;1;9;0;0.211654427694157;0.5;0.1
730;47.0654688143686;65.7058488871223;30.0570052184367;5;4;0;0.622201634803787;0.5;0
NA;55.6265441356131;NA;NA;NA;NA;0.95;0.765628409804776;0.5;0.5
NA;NA;NA;NA;NA;NA;0.95;0.0702165220864117;0.5;0.6
733;54.6965075073449;98.3305304171671;30.8572139799119;6;7;0;0.932820923160762;0.5;0
NA;NA;NA;NA;NA;NA;0.95;0.399223544867709;0.5;0.6
735;51.9812796571795;89.5002585825434;24.7580823026056;7;10;0;0.560186458518729;0.5;0
736;54.0059688057501;88.375623480522;32.433342336353;3;1;0;0.654839245136827;0.5;0
737;39.2255042689052;82.6061204191839;30.2311391128325;3;5;0;0.906840167706832;0.5;0
738;NA;76.8213710886761;30.3373130958125;3;6;0;0.258476038230583;0.5;0.1
739;NA;76.8446800498415;27.1011012394808;6;2;0;0.0978211036417633;0.5;0.1
NA;NA;NA;NA;NA;NA;0.95;0.0315173552371562;0.5;0.6
741;NA;101.859401957117;29.4070865809876;2;10;0;0.425281893229112;0.5;0.1
742;NA;94.1928849738794;27.1741261398622;7;8;0;0.12596548255533;0.5;0.1
743;NA;90.7857557916865;30.9175048906341;2;5;0;0.145846800645813;0.5;0.1
744;45.3862155098905;78.5788262057808;32.5433423085604;2;8;0;0.538290746277198;0.5;0
NA;NA;NA;NA;NA;NA;0.95;0.112034372519702;0.5;0.6
NA;67.1219044284987;NA;NA;NA;NA;0.95;0.767070926260203;0.5;0.5
747;37.2298546842749;84.9298456658157;25.5963908700935;5;9;0;0.698494815733284;0.5;0
NA;NA;NA;NA;NA;NA;0.95;0.195446311961859;0.5;0.6
NA;55.6691953044689;NA;NA;NA;NA;0.95;0.905820355052128;0.5;0.5
750;45.5428871801505;80.5877314900468;32.7216327259712;2;3;0;0.516292697284371;0.5;0
NA;NA;NA;NA;NA;NA;0.95;0.446200990350917;0.5;0.6
NA;NA;NA;NA;NA;NA;0.95;0.205678194528446;0.5;0.6
753;52.9817559107858;84.5315043892957;33.0034723703008;4;2;0;0.965471421601251;0.5;0
754;NA;102.036730962361;28.3048795464365;2;9;0;0.0139088316354901;0.5;0.1
755;NA;87.32029206275;30.7210409270598;6;8;0;0.21501930989325;0.5;0.1
756;39.4130890119011;84.8145036147479;28.052904055852;4;2;0;0.642199122114107;0.5;0
NA;66.8197372992537;NA;NA;NA;NA;0.95;0.646677268669009;0.5;0.5
758;NA;105.806298880727;32.2890845105656;3;10;0;0.468483024043962;0.5;0.1
759;52.3105561209245;94.3744815113252;31.1314796191294;5;10;0;0.882741972571239;0.5;0
760;NA;92.8082630077757;30.3422996167318;6;1;0;0.110755399335176;0.5;0.1
761;53.78775645211;84.9227776560318;29.6464702277193;2;6;0;0.800277646398172;0.5;0
762;44.170547310476;74.2678950740484;29.4178340541262;2;2;0;0.772964118048549;0.5;0
NA;NA;NA;NA;NA;NA;0.95;0.244692580774426;0.5;0.6
764;NA;77.449887389971;27.1549993563141;1;8;0;0.457656003069133;0.5;0.1
NA;70.3562671972176;NA;NA;NA;NA;0.95;0.644550903467461;0.5;0.5
766;NA;114.205608005702;32.1562683246697;6;8;0;0.251751459902152;0.5;0.1
NA;NA;NA;NA;NA;NA;0.95;0.354136966867372;0.5;0.6
NA;55.9813273729642;NA;NA;NA;NA;0.95;0.777355044381693;0.5;0.5
769;NA;91.1721404756743;32.8299863367787;3;10;0;0.31711786496453;0.5;0.1
770;52.902244628802;100.197247062483;32.8569137465011;1;8;0;0.584641064982861;0.5;0
NA;NA;NA;NA;NA;NA;0.95;0.416375480825081;0.5;0.6
772;39.3039030963266;95.6082432782893;31.4320851993803;3;7;0;0.991851890692487;0.5;0
NA;NA;NA;NA;NA;NA;0.95;0.211277203867212;0.5;0.6
774;NA;89.4644190850225;28.2318390257861;2;9;0;0.262594357132912;0.5;0.1
NA;65.5327731246668;NA;NA;NA;NA;0.95;0.670760963810608;0.5;0.5
776;52.3955425553007;89.5082953883593;29.2466589674899;1;4;0;0.677132432814687;0.5;0
NA;NA;NA;NA;NA;NA;0.95;0.313609414733946;0.5;0.6
778;45.2247115497067;88.9115544245694;25.3994026276173;2;10;0;0.775206004269421;0.5;0
779;NA;100.752483578924;34.373524599179;7;2;0;0.27048385865055;0.5;0.1
780;41.7342161378909;87.6128004520989;31.2350253689961;6;9;0;0.505954951280728;0.5;0
NA;NA;NA;NA;NA;NA;0.95;0.121165617136285;0.5;0.6
NA;NA;NA;NA;NA;NA;0.95;0.199587621260434;0.5;0.6
NA;NA;NA;NA;NA;NA;0.95;0.205205297330394;0.5;0.6
784;NA;71.7357475137859;36.5851942688232;3;7;0;0.41678487113677;0.5;0.1
785;37.7418512403263;102.032096495562;27.8921903197071;6;4;0;0.62018533423543;0.5;0
786;46.5426728367001;102.807534401752;29.2081615655837;5;2;0;0.870325105730444;0.5;0
NA;NA;NA;NA;NA;NA;0.95;0.108313419856131;0.5;0.6
788;NA;93.7618386312207;33.9081736512782;2;5;0;0.101925724884495;0.5;0.1
789;NA;100.496704296972;26.7562730143021;4;10;0;0.268921236507595;0.5;0.1
790;54.8891543770024;97.472891816261;31.0479438873747;6;9;0;0.919962025247514;0.5;0
791;NA;84.8908150911231;33.6668466826244;5;5;0;0.384122065966949;0.5;0.1
792;NA;89.080659267638;38.1124402345694;2;5;0;0.420168798649684;0.5;0.1
793;NA;91.4931757225356;27.7876200225547;4;8;0;0.0426922026090324;0.5;0.1
NA;60.4466409664322;NA;NA;NA;NA;0.95;0.761576447170228;0.5;0.5
NA;61.4744233007993;NA;NA;NA;NA;0.95;0.937306499574333;0.5;0.5
796;49.7236807957695;98.0861556821383;34.345046395021;6;9;0;0.720538908848539;0.5;0
797;NA;87.302003722565;30.1058386953845;2;8;0;0.0333503102883697;0.5;0.1
798;NA;86.4292457483671;31.6414282403801;5;9;0;0.211496170377359;0.5;0.1
799;NA;84.4582241282807;30.2243661754364;2;3;0;0.394228603458032;0.5;0.1
NA;NA;NA;NA;NA;NA;0.95;0.39080843096599;0.5;0.6
801;NA;72.8333719532907;30.9291833295962;1;7;0;0.0964492172934115;0.5;0.1
NA;NA;NA;NA;NA;NA;0.95;0.1544286578428;0.5;0.6
803;50.5562123282649;93.401920111147;30.158946544655;1;3;0;0.720010238932446;0.5;0
804;NA;94.6478359261242;26.7263826682304;3;9;0;0.170306622749195;0.5;0.1
NA;61.5931617357194;NA;NA;NA;NA;0.95;0.716251200996339;0.5;0.5
806;46.4487477365587;91.3446217469366;32.7937264813949;3;3;0;0.620793440379202;0.5;0
807;46.1369095512284;82.2000814985978;30.8823356172762;6;10;0;0.744889738503844;0.5;0
808;NA;93.2984799631624;25.9994404817001;7;7;0;0.121195106301457;0.5;0.1
NA;67.7300637215905;NA;NA;NA;NA;0.95;0.695095981936902;0.5;0.5
810;NA;77.9751441807924;31.7741186101541;4;8;0;0.270585384219885;0.5;0.1
811;41.1720118064312;84.6237804106065;30.3234378631283;6;7;0;0.596428377553821;0.5;0
812;47.6149032462588;72.779354786388;29.6830677015836;1;7;0;0.771012124838307;0.5;0
813;NA;79.4223743911436;31.7611295606566;2;10;0;0.204106295946985;0.5;0.1
814;NA;87.6344297329552;31.9237921554972;4;6;0;0.227759480010718;0.5;0.1
815;NA;96.3099810189495;27.4805635715681;7;8;0;0.0863407622091472;0.5;0.1
816;NA;94.7356330788881;34.0835362540396;4;5;0;0.0572087876498699;0.5;0.1
817;NA;100.65339005832;22.8252048993787;1;8;0;0.246326555730775;0.5;0.1
818;46.6310688701803;86.7121219787121;22.5242560064728;1;10;0;0.799359880387783;0.5;0
819;NA;87.8507305219675;26.5622564886617;1;6;0;0.140409133164212;0.5;0.1
NA;NA;NA;NA;NA;NA;0.95;0.206159508088604;0.5;0.6
821;NA;84.3914060493672;33.7694994671851;4;9;0;0.092576407128945;0.5;0.1
NA;NA;NA;NA;NA;NA;0.95;0.1382961650379;0.5;0.6
823;53.9271284554809;88.7925563956531;29.0718824661129;2;8;0;0.647767538204789;0.5;0
824;NA;103.413806523886;33.5419363036465;2;6;0;0.415597070707008;0.5;0.1
NA;NA;NA;NA;NA;NA;0.95;0.129067386034876;0.5;0.6
826;NA;89.502755717165;34.5057226397271;4;4;0;0.483827630057931;0.5;0.1
827;NA;82.5875319311241;26.6822478750454;6;6;0;0.264440171886235;0.5;0.1
NA;NA;NA;NA;NA;NA;0.95;0.244345431216061;0.5;0.6
829;NA;77.179704985309;32.3338209863013;7;4;0;0.379489356186241;0.5;0.1
830;NA;90.4459984180414;31.5544369489749;1;5;0;0.33035119343549;0.5;0.1
831;NA;89.8268439661685;29.1980086900863;7;1;0;0.0092884732875973;0.5;0.1
832;NA;99.2579705214493;37.127402326742;7;1;0;0.199114624643698;0.5;0.1
833;NA;88.5327492936583;30.6517213142086;1;2;0;0.349086677655578;0.5;0.1
NA;57.4328033317068;NA;NA;NA;NA;0.95;0.700333732645959;0.5;0.5
835;NA;90.2663308019732;33.7750184182078;7;10;0;0.24970715190284;0.5;0.1
NA;NA;NA;NA;NA;NA;0.95;0.457005098694935;0.5;0.6
NA;63.4276793551828;NA;NA;NA;NA;0.95;0.65096390270628;0.5;0.5
838;38.9226754015273;70.9331389366231;32.0436423846234;2;7;0;0.900113595183939;0.5;0
839;52.8031303193154;95.5551835750147;26.5035065072637;1;5;0;0.918055297341198;0.5;0
840;43.8578458505544;90.9590689582235;27.8943295353099;6;1;0;0.899842555169016;0.5;0
NA;NA;NA;NA;NA;NA;0.95;0.021841986104846;0.5;0.6
NA;NA;NA;NA;NA;NA;0.95;0.00666837720200419;0.5;0.6
843;44.9593628740154;92.3037743355252;32.5476774966823;6;10;0;0.797190775396302;0.5;0
NA;NA;NA;NA;NA;NA;0.95;0.179129738127813;0.5;0.6
845;40.7804052864277;101.636720044623;22.6289518353465;4;7;0;0.777513049310073;0.5;0
846;38.7874610354337;79.2784017881649;28.7146020311702;6;7;0;0.594526967732236;0.5;0
847;45.6195568270345;109.195581994486;25.1487317596828;3;5;0;0.735977541422471;0.5;0
848;43.9204193022323;84.8534864866895;33.7206409187152;7;8;0;0.702545476146042;0.5;0
NA;NA;NA;NA;NA;NA;0.95;0.416931124171242;0.5;0.6
NA;NA;NA;NA;NA;NA;0.95;0.43926541483961;0.5;0.6
851;42.5114140950008;93.6008256846268;29.621759087375;4;2;0;0.50306229153648;0.5;0
852;39.8200382258711;88.9874956505186;31.6766053515635;4;9;0;0.902082734741271;0.5;0
NA;56.3061638011499;NA;NA;NA;NA;0.95;0.797088785562664;0.5;0.5
854;53.8062489611466;91.8686922401001;33.8808801159257;3;6;0;0.760977956466377;0.5;0
855;54.2267496445724;81.7486460626345;27.8525238371572;2;5;0;0.514887356432155;0.5;0
856;52.5054261749705;100.174221610537;28.891621035864;1;6;0;0.69992704084143;0.5;0
NA;61.1224139281445;NA;NA;NA;NA;0.95;0.644579534418881;0.5;0.5
NA;63.7091218103901;NA;NA;NA;NA;0.95;0.644854504382238;0.5;0.5
859;NA;82.0879889634425;29.5449160717745;4;10;0;0.147670486476272;0.5;0.1
860;NA;85.6705530835454;32.3098164291195;4;4;0;0.181889948435128;0.5;0.1
861;51.2361131355713;102.593578211127;30.2926212367939;5;10;0;0.714895033510402;0.5;0
862;NA;98.0600288282062;34.8386069372917;3;6;0;0.00364761776290834;0.5;0.1
863;NA;94.7295995396765;28.5168748951166;3;5;0;0.024188477313146;0.5;0.1
864;NA;81.0261127154868;28.6632302453735;4;7;0;0.239219442708418;0.5;0.1
865;44.0525501796284;85.8811648648133;27.2032692112074;2;5;0;0.798243292141706;0.5;0
NA;NA;NA;NA;NA;NA;0.95;0.422699964605272;0.5;0.6
867;51.182244971185;85.8947180589016;32.4907295685559;2;8;0;0.959505540784448;0.5;0
NA;57.3615646059857;NA;NA;NA;NA;0.95;0.563355697784573;0.5;0.5
869;NA;96.6928005931154;28.2815001637163;2;10;0;0.445472469553351;0.5;0.1
870;NA;70.2671565331506;31.0199784062849;3;10;0;0.43467946187593;0.5;0.1
871;48.7234288380605;85.4275444258848;26.0239123445364;4;10;0;0.742992328479886;0.5;0
NA;55.4831221908655;NA;NA;NA;NA;0.95;0.694390624528751;0.5;0.5
873;48.958774403627;72.93213027518;30.9899072912678;5;4;0;0.858181029791012;0.5;0
874;NA;80.7563666528674;27.9010007690341;2;3;0;0.0647561389487237;0.5;0.1
875;59.6364314734324;104.498875286001;31.4107154356047;4;3;0.95;0.960508494172245;0.5;0
876;48.9908160185566;88.804084316378;31.6567036047852;2;9;0;0.730562612880021;0.5;0
877;NA;95.4871354439088;31.6837121894704;5;10;0;0.397560917306691;0.5;0.1
NA;71.4332674597992;NA;NA;NA;NA;0.95;0.510518190450966;0.5;0.5
NA;NA;NA;NA;NA;NA;0.95;0.0235858056694269;0.5;0.6
880;NA;87.8182392768814;36.3902604689416;7;8;0;0.455034370068461;0.5;0.1
881;NA;84.5765544236652;28.5320697322727;7;2;0;0.14350978937;0.5;0.1
NA;58.2143979481532;NA;NA;NA;NA;0.95;0.861765268724412;0.5;0.5
883;NA;91.138574155306;31.5844407452599;1;6;0;0.326526191318408;0.5;0.1
884;51.140080255462;77.9380031464233;30.59895476733;7;1;0;0.752417789073661;0.5;0
NA;NA;NA;NA;NA;NA;0.95;0.179460455197841;0.5;0.6
886;52.8746499853454;85.3948017956835;24.850544507062;1;8;0;0.658793559297919;0.5;0
887;49.7658455241459;103.928823313413;23.5145811677528;6;8;0;0.959430392365903;0.5;0
NA;57.8679505165227;NA;NA;NA;NA;0.95;0.916984240524471;0.5;0.5
889;46.2622256840929;101.722434327174;34.943986968019;6;7;0;0.899959134636447;0.5;0
890;NA;96.0458285289154;28.1663800379055;5;9;0;0.0811783384997398;0.5;0.1
891;45.6815728079861;92.7262254746632;34.7574898920254;3;8;0;0.848407294601202;0.5;0
892;NA;77.9882232446047;28.5784022092155;3;4;0;0.00278806104324758;0.5;0.1
893;54.129938911909;79.5063858319988;31.0325261537693;7;3;0;0.696770482929423;0.5;0
NA;60.2648389504233;NA;NA;NA;NA;0.95;0.946690948447213;0.5;0.5
895;NA;90.4211275939634;30.2916848728985;1;4;0;0.402235939633101;0.5;0.1
896;NA;87.5391483055649;29.1482800871762;2;1;0;0.407103291479871;0.5;0.1
NA;55.697004669938;NA;NA;NA;NA;0.95;0.858755881199613;0.5;0.5
NA;NA;NA;NA;NA;NA;0.95;0.335767519893125;0.5;0.6
NA;58.8646957380336;NA;NA;NA;NA;0.95;0.889410194242373;0.5;0.5
900;44.517011127783;101.8300425577;31.2700950669948;1;1;0;0.563739430624992;0.5;0
NA;NA;NA;NA;NA;NA;0.95;0.0812799585983157;0.5;0.6
902;NA;103.538203561163;30.4186518524141;7;5;0;0.176949046552181;0.5;0.1
NA;NA;NA;NA;NA;NA;0.95;0.20742596895434;0.5;0.6
904;NA;91.5411263075467;29.0573520888949;6;3;0;0.454235353274271;0.5;0.1
905;59.9095332424375;79.657713142552;30.0635145479221;6;10;0.95;0.96515669231303;0.5;0
906;NA;82.2894605947657;28.5057323750497;2;10;0;0.157131182728335;0.5;0.1
907;45.859787186992;88.6129595708726;27.1397850331499;4;9;0;0.827450656797737;0.5;0
NA;58.6167494796318;NA;NA;NA;NA;0.95;0.759167336393148;0.5;0.5
909;NA;83.8577351203366;33.6518852394787;6;7;0;0.0575984390452504;0.5;0.1
910;NA;102.189310869462;32.5855409156472;4;6;0;0.245854296023026;0.5;0.1
911;NA;92.9206158731003;33.7726216919768;6;10;0;0.147026420338079;0.5;0.1
912;NA;87.8888790825271;29.7993228733291;7;2;0;0.400849340949208;0.5;0.1
913;NA;98.6598880597044;31.5724716005063;4;3;0;0.0946238071192056;0.5;0.1
914;62.1584940878343;94.331690061744;30.7425180791822;4;3;0.95;0.975458203814924;0.5;0
915;47.4200153883312;71.2817063256324;28.2568166841318;1;4;0;0.659745062002912;0.5;0
916;NA;86.5834644120875;30.2390652759399;2;3;0;0.473578056320548;0.5;0.1
917;42.5670741807728;115.243525929103;28.4517533968812;6;4;0;0.637343434849754;0.5;0
918;NA;92.1672061374716;33.8323699259024;5;7;0;0.268783910665661;0.5;0.1
919;47.3929267401198;97.7152163639189;32.6994806844895;2;3;0;0.877299148356542;0.5;0
920;52.399748155404;82.6341991858294;30.1460717506722;5;9;0;0.819952825317159;0.5;0
921;NA;80.2800764513992;32.2870293231793;5;7;0;0.269185891374946;0.5;0.1
NA;63.8447020347413;NA;NA;NA;NA;0.95;0.596995033323765;0.5;0.5
923;52.1438526293208;95.2031120375026;32.7483295191793;5;4;0;0.758881165646017;0.5;0
924;NA;79.5536576803505;31.7925843857455;3;1;0;0.256714886985719;0.5;0.1
925;NA;80.6683871185349;30.4823840377263;7;6;0;0.466084518004209;0.5;0.1
NA;NA;NA;NA;NA;NA;0.95;0.0988450658041984;0.5;0.6
NA;NA;NA;NA;NA;NA;0.95;0.0106632628012449;0.5;0.6
928;NA;104.681381371504;30.4182371143816;3;6;0;0.116110959788784;0.5;0.1
929;NA;74.3520779675818;26.5702616174635;4;10;0;0.0980365420691669;0.5;0.1
930;NA;105.839116751284;28.65002447347;2;5;0;0.373134924098849;0.5;0.1
931;54.0597916017113;67.7143926881288;24.3264904838114;3;10;0;0.942183677805588;0.5;0
932;52.2665650910977;91.2756209447479;27.6956396822548;5;4;0;0.56703321589157;0.5;0
933;31.808954055396;92.624464518398;27.1022445631825;6;2;0;0.763742479262874;0.5;0
934;NA;93.690632311297;31.6077688382815;2;4;0;0.42448822548613;0.5;0.1
NA;NA;NA;NA;NA;NA;0.95;0.450959803536534;0.5;0.6
936;NA;98.1646619978356;25.1467554638725;4;6;0;0.0681929315906018;0.5;0.1
937;NA;100.740528919426;26.732027992272;4;5;0;0.288093751296401;0.5;0.1
938;50.672905468014;98.2954160316136;32.1696142323821;4;6;0;0.940203357255086;0.5;0
NA;57.0805451738963;NA;NA;NA;NA;0.95;0.706489377655089;0.5;0.5
NA;NA;NA;NA;NA;NA;0.95;0.416913719149306;0.5;0.6
941;39.3970593274622;106.464741957165;31.3718720899146;2;10;0;0.659283887362108;0.5;0
NA;57.5168722698636;NA;NA;NA;NA;0.95;0.65352122229524;0.5;0.5
NA;NA;NA;NA;NA;NA;0.95;0.330446282867342;0.5;0.6
944;NA;81.4072615097014;24.1226415471593;1;5;0;0.31232234928757;0.5;0.1
945;NA;94.9645819215933;30.3878459794601;4;2;0;0.485111786751077;0.5;0.1
946;NA;90.184057857201;29.7712655006783;5;2;0;0.218432731227949;0.5;0.1
947;54.0734140291414;92.7587580746488;27.5994543434426;4;3;0;0.822662675520405;0.5;0
NA;61.0637134707785;NA;NA;NA;NA;0.95;0.655231947312132;0.5;0.5
NA;62.477037621635;NA;NA;NA;NA;0.95;0.730384079506621;0.5;0.5
950;NA;77.3310879019303;30.4867227194875;1;5;0;0.388615916017443;0.5;0.1
951;48.1389421620255;77.5133241187588;29.0377716589255;4;4;0;0.681695425417274;0.5;0
NA;NA;NA;NA;NA;NA;0.95;0.456774682039395;0.5;0.6
953;NA;63.7519481216405;26.3256773011513;3;7;0;0.328992706956342;0.5;0.1
954;NA;89.2681634591299;29.3062178482022;7;10;0;0.0703409488778561;0.5;0.1
955;39.8582082661269;76.0075177284055;28.5918985215872;6;8;0;0.837971039814875;0.5;0
956;37.9547104245638;107.3003357354;30.8875772031866;2;5;0;0.908483055653051;0.5;0
957;NA;83.0760990569547;28.9815548560238;2;2;0;0.463464381871745;0.5;0.1
958;NA;93.0233435313991;31.4517093722485;3;1;0;0.162857932737097;0.5;0.1
NA;NA;NA;NA;NA;NA;0.95;0.325537553289905;0.5;0.6
960;36.6210692803445;80.2186240315727;28.3962405120147;3;3;0;0.887232516426593;0.5;0
961;NA;92.6503166305095;30.7317547541062;3;1;0;0.250123807927594;0.5;0.1
NA;NA;NA;NA;NA;NA;0.95;0.0265186855103821;0.5;0.6
963;NA;82.6927461205934;27.5063246096105;3;1;0;0.407050180947408;0.5;0.1
964;NA;83.2609308745206;30.9279632322529;1;2;0;0.00348586426116526;0.5;0.1
965;51.9577828048745;85.3981634031694;33.1648565507736;6;7;0;0.947832958307117;0.5;0
NA;NA;NA;NA;NA;NA;0.95;0.170826309360564;0.5;0.6
967;NA;99.0850522343677;24.6145185649081;3;8;0;0.188948809634894;0.5;0.1
968;34.2138339003868;87.8271201437675;31.1561238702894;7;9;0;0.761274270480499;0.5;0
969;NA;83.4285336683224;30.1184237977062;6;10;0;0.389703554334119;0.5;0.1
NA;NA;NA;NA;NA;NA;0.95;0.474725778913125;0.5;0.6
971;45.8327119487249;70.4411442468573;26.5240908850904;3;5;0;0.972282401518896;0.5;0
NA;NA;NA;NA;NA;NA;0.95;0.196463530184701;0.5;0.6
NA;61.0077932544436;NA;NA;NA;NA;0.95;0.70988759258762;0.5;0.5
974;49.3963705646891;97.3193191460942;32.898464402895;4;1;0;0.72848007408902;0.5;0
NA;57.088439549214;NA;NA;NA;NA;0.95;0.780967455357313;0.5;0.5
976;51.5343043857449;89.5466619401807;29.131536546852;4;4;0;0.541074113221839;0.5;0
NA;61.2423410174839;NA;NA;NA;NA;0.95;0.533978500403464;0.5;0.5
978;50.6252646826819;97.7490016846604;26.3218933978455;4;3;0;0.885471263434738;0.5;0
979;NA;101.057195216565;26.5619487019827;2;4;0;0.0839911552611738;0.5;0.1
980;39.1926001155016;89.6679717451316;29.2759851872599;1;3;0;0.866802463075146;0.5;0
981;44.0175771227375;86.9466920988358;29.9225175688206;7;4;0;0.591946287313476;0.5;0
982;NA;100.430827440385;30.6698949437243;1;9;0;0.332396161276847;0.5;0.1
NA;55.8967162159674;NA;NA;NA;NA;0.95;0.933888078434393;0.5;0.5
NA;NA;NA;NA;NA;NA;0.95;0.309158571064472;0.5;0.6
985;NA;90.6938199873599;31.0145498343996;5;2;0;0.216370100155473;0.5;0.1
986;NA;102.43999210632;32.9163711053856;3;9;0;0.338471907423809;0.5;0.1
987;53.707936395104;73.6083269992593;38.0066875505886;6;5;0;0.626706986222416;0.5;0
988;38.6332626761487;73.2548198049454;32.5302974792404;4;2;0;0.527784009231254;0.5;0
989;54.8014742278185;53.2571329803301;27.0151681435006;5;3;0;0.801620485726744;0.5;0
990;61.5650255060512;110.408229232587;28.2458176939282;5;3;0.95;0.988932463806123;0.5;0
991;42.1093610908407;99.581456306392;26.7992296510712;5;8;0;0.694653610466048;0.5;0
NA;62.3003717307891;NA;NA;NA;NA;0.95;0.882157976040617;0.5;0.5
NA;NA;NA;NA;NA;NA;0.95;0.169267866062;0.5;0.6
NA;56.5687334923729;NA;NA;NA;NA;0.95;0.821087909629568;0.5;0.5
NA;61.189195531847;NA;NA;NA;NA;0.95;0.85683240997605;0.5;0.5
NA;NA;NA;NA;NA;NA;0.95;0.206302814651281;0.5;0.6
NA;NA;NA;NA;NA;NA;0.95;0.324688154272735;0.5;0.6
998;NA;104.517806867497;30.590328700108;5;3;0;0.356404869584367;0.5;0.1
999;48.8388961780708;86.6859066367492;25.9367066237077;5;10;0;0.642170376842842;0.5;0
1000;55.0326086409306;86.8816405662612;28.1475217855045;6;3;0.95;0.999261680524796;0.5;0
